Date,Close,High,Low,Open,Volume
2020-01-01,23171.0,23171.0,23171.0,23171.0,0
2020-01-02,23171.0,23171.0,22805.60546875,22835.80078125,0
2020-01-03,23171.0,23171.0,22812.912109375,23171.0,0
2020-01-06,23171.0,23171.0,22744.150390625,22744.150390625,0
2020-01-07,23171.0,23171.0,22822.310546875,23171.0,0
2020-01-08,23171.0,23171.0,22812.447265625,22863.619140625,0
2020-01-09,23171.0,23171.0,22805.958984375,23171.0,0
2020-01-10,23171.0,23171.0,22809.244140625,22809.244140625,0
2020-01-13,22761.69140625,23171.0,22759.1328125,23171.0,0
2020-01-14,23171.0,23171.0,22781.43359375,22781.43359375,0
2020-01-15,23171.0,23171.0,22809.69140625,22818.328125,0
2020-01-16,23171.0,23171.0,22805.091796875,23171.0,0
2020-01-17,23171.0,23171.0,22812.818359375,23171.0,0
2020-01-20,23171.0,23171.0,22809.66796875,23171.0,0
2020-01-21,23171.0,23171.0,22798.15234375,23171.0,0
2020-01-22,23171.0,23171.0,22806.345703125,23171.0,0
2020-01-23,23171.0,23171.0,22787.423828125,23171.0,0
2020-01-24,23171.0,23171.0,22812.447265625,22881.82421875,0
2020-01-27,23171.0,23171.0,22811.083984375,23171.0,0
2020-01-28,23171.0,23171.0,22808.044921875,22816.568359375,0
2020-01-29,23171.0,23171.0,22795.10546875,23171.0,0
2020-01-30,23171.0,23182.0,22786.6953125,23171.0,0
2020-01-31,23182.0,23182.0,22808.568359375,23182.0,0
2020-02-03,23182.0,23182.0,22895.078125,23182.0,0
2020-02-04,23182.0,23237.0,22886.359375,22902.736328125,0
2020-02-05,23237.0,23237.0,22855.7421875,22906.36328125,0
2020-02-06,23237.0,23237.0,22861.896484375,23237.0,0
2020-02-07,23237.0,23237.0,22866.533203125,22895.41015625,0
2020-02-10,23237.0,23237.0,22898.294921875,23237.0,0
2020-02-11,23237.0,23237.0,22873.8984375,22971.09765625,0
2020-02-12,23237.0,23237.0,22864.05078125,23237.0,0
2020-02-13,23237.0,23237.0,22875.513671875,23237.0,0
2020-02-14,23237.0,23237.0,22877.70703125,23237.0,0
2020-02-17,23237.0,23237.0,22857.484375,23237.0,0
2020-02-18,23237.0,23237.0,22879.00390625,23237.0,0
2020-02-19,23235.0,23235.0,22853.568359375,23235.0,0
2020-02-20,23235.0,23235.0,22836.642578125,23235.0,0
2020-02-21,23235.0,23235.0,22875.1171875,23235.0,0
2020-02-24,23235.0,23235.0,22878.1328125,23235.0,0
2020-02-25,23235.0,23235.0,22799.544921875,23235.0,0
2020-02-26,23235.0,23240.0,22824.482421875,23235.0,0
2020-02-27,23240.0,23240.0,22837.748046875,23240.0,0
2020-02-28,23240.0,23240.0,22787.5859375,22787.5859375,0
2020-03-02,23234.0,23234.0,22866.46484375,23234.0,0
2020-03-03,23234.0,23234.0,22845.708984375,23234.0,0
2020-03-04,23234.0,23234.0,22751.1875,23234.0,0
2020-03-05,23204.0,23204.0,22841.64453125,23204.0,0
2020-03-06,23204.0,23204.0,22730.123046875,22730.123046875,0
2020-03-09,23204.0,23204.0,22840.625,23204.0,0
2020-03-10,23204.0,23204.0,22829.796875,22860.1484375,0
2020-03-11,23204.0,23204.0,22786.728515625,23204.0,0
2020-03-12,23204.0,23204.0,22814.01953125,22842.701171875,0
2020-03-13,23204.0,23204.0,22839.53125,22945.060546875,0
2020-03-16,23204.0,23204.0,22851.4765625,23204.0,0
2020-03-17,23204.0,23244.0,22893.8828125,23204.0,0
2020-03-18,23244.0,23244.0,22902.103515625,23244.0,0
2020-03-19,23244.0,23244.0,23244.0,23244.0,0
2020-03-20,23244.0,23244.0,23040.869140625,23244.0,0
2020-03-23,23244.0,23244.0,23001.244140625,23244.0,0
2020-03-24,23244.0,23291.091796875,22938.0625,22938.0625,0
2020-03-25,23244.0,23341.845703125,23222.853515625,23244.0,0
2020-03-26,23244.0,23310.953125,23029.63671875,23244.0,0
2020-03-27,23244.0,23262.1953125,23120.962890625,23244.0,0
2020-03-30,23010.337890625,23631.0,23244.0,23244.0,0
2020-03-31,23631.0,23631.0,23293.455078125,23631.0,0
2020-04-01,23631.0,23631.0,23077.236328125,23631.0,0
2020-04-02,23631.0,23631.0,23230.46875,23631.0,0
2020-04-03,23631.0,23631.0,23197.544921875,23394.806640625,0
2020-04-06,23631.0,23631.0,23078.845703125,23631.0,0
2020-04-07,23631.0,23631.0,23092.978515625,23631.0,0
2020-04-08,23631.0,23631.0,23108.490234375,23631.0,0
2020-04-09,23631.0,23631.0,23115.12890625,23631.0,0
2020-04-10,23631.0,23631.0,22984.990234375,23631.0,0
2020-04-13,23631.0,23631.0,22922.0390625,23631.0,0
2020-04-14,23631.0,23631.0,22988.04296875,23631.0,0
2020-04-15,23449.0,23449.0,23018.25,23018.25,0
2020-04-16,23441.0,23441.0,23087.884765625,23441.0,0
2020-04-17,23441.0,23441.0,23052.36328125,23441.0,0
2020-04-20,22972.873046875,23441.0,23003.015625,23441.0,0
2020-04-21,23441.0,23441.0,23096.40625,23096.40625,0
2020-04-22,23441.0,23441.0,23039.30078125,23441.0,0
2020-04-23,23441.0,23441.0,23107.787109375,23256.4375,0
2020-04-24,23441.0,23441.0,23136.87109375,23136.87109375,0
2020-04-27,23441.0,23441.0,23095.99609375,23441.0,0
2020-04-28,23441.0,23444.0,23082.296875,23441.0,0
2020-04-29,23444.0,23444.0,23070.36328125,23444.0,0
2020-04-30,23444.0,23444.0,23063.5546875,23444.0,0
2020-05-01,23444.0,23444.0,22910.69921875,22910.69921875,0
2020-05-04,23444.0,23444.0,23071.646484375,23444.0,0
2020-05-05,23444.0,23444.0,23046.056640625,23444.0,0
2020-05-06,23444.0,23444.0,23051.505859375,23444.0,0
2020-05-07,23444.0,23444.0,23059.45703125,23073.07421875,0
2020-05-08,23444.0,23444.0,22936.705078125,23444.0,0
2020-05-11,23399.0,23399.0,22958.169921875,23399.0,0
2020-05-12,23399.0,23399.0,23010.283203125,23010.283203125,0
2020-05-13,23334.0,23334.0,22921.916015625,23334.0,0
2020-05-14,23334.0,23334.0,23020.53515625,23334.0,0
2020-05-15,23334.0,23334.0,22973.453125,23334.0,0
2020-05-18,23334.0,23334.0,22969.986328125,23334.0,0
2020-05-19,23334.0,23334.0,22743.736328125,23334.0,0
2020-05-20,23334.0,23334.0,22900.84765625,23334.0,0
2020-05-21,23334.0,23334.0,22876.626953125,22876.626953125,0
2020-05-22,23334.0,23334.0,22893.421875,23334.0,0
2020-05-25,23334.0,23334.0,22950.578125,23334.0,0
2020-05-26,23334.0,23334.0,22924.6015625,23334.0,0
2020-05-27,23312.0,23312.0,22936.86328125,23312.0,0
2020-05-28,23312.0,23312.0,22946.1640625,22946.1640625,0
2020-05-29,23309.0,23309.0,22802.01953125,23309.0,0
2020-06-01,23280.0,23280.0,22896.38671875,23280.0,0
2020-06-02,23264.0,23264.0,22849.904296875,23264.0,0
2020-06-03,23264.0,23264.0,22845.044921875,22845.044921875,0
2020-06-04,23264.0,23264.0,22860.146484375,22860.146484375,0
2020-06-05,23264.0,23264.0,22647.486328125,23264.0,0
2020-06-08,23264.0,23264.0,22898.962890625,23264.0,0
2020-06-09,23264.0,23264.0,22835.45703125,23264.0,0
2020-06-10,23264.0,23264.0,22737.43359375,23264.0,0
2020-06-11,23264.0,23264.0,22794.34765625,23264.0,0
2020-06-12,23264.0,23264.0,22855.55078125,23264.0,0
2020-06-15,23264.0,23264.0,22874.73046875,23264.0,0
2020-06-16,23264.0,23264.0,22689.353515625,23264.0,0
2020-06-17,23264.0,23264.0,22832.3984375,22959.83984375,0
2020-06-18,23264.0,23264.0,22841.740234375,23264.0,0
2020-06-19,23264.0,23264.0,22867.85546875,22962.876953125,0
2020-06-22,23264.0,23264.0,22856.58203125,23264.0,0
2020-06-23,23264.0,23264.0,22747.443359375,23264.0,0
2020-06-24,23264.0,23264.0,22807.79296875,23264.0,0
2020-06-25,23264.0,23264.0,22851.40625,22955.68359375,0
2020-06-26,23264.0,23264.0,22837.349609375,23264.0,0
2020-06-29,23210.0,23264.0,22862.79296875,23264.0,0
2020-06-30,23264.0,23264.0,22851.025390625,23264.0,0
2020-07-01,23264.0,23264.0,22787.490234375,23264.0,0
2020-07-02,23264.0,23264.0,22753.916015625,23264.0,0
2020-07-03,23202.0,23205.0,22927.296875,23202.0,0
2020-07-06,23199.0,23201.0,22847.810546875,23199.0,0
2020-07-07,23201.0,23203.0,22786.28515625,23201.0,0
2020-07-08,23180.0,23200.0,22833.76953125,23180.0,0
2020-07-09,23188.0,23192.0,22728.81640625,23188.0,0
2020-07-10,23184.0,23189.0,22815.169921875,22925.37890625,0
2020-07-13,22824.259765625,23264.0,22825.1171875,23264.0,0
2020-07-14,23179.0,23185.0,22791.32421875,23179.0,0
2020-07-15,23181.0,23185.0,22747.287109375,22747.287109375,0
2020-07-16,23183.0,23185.0,22886.27734375,23183.0,0
2020-07-17,23184.0,23191.0,22845.31640625,23184.0,0
2020-07-20,23191.0,23191.0,22816.94140625,23191.0,0
2020-07-21,23188.0,23188.0,22830.16796875,23188.0,0
2020-07-22,23180.0,23190.0,22648.4140625,23180.0,0
2020-07-23,23184.0,23182.0,22841.087890625,22841.087890625,0
2020-07-24,23180.0,23183.0,22781.572265625,23180.0,0
2020-07-27,23175.0,23185.0,22845.4453125,23175.0,0
2020-07-28,23181.0,23195.0,22762.05859375,23181.0,0
2020-07-29,23170.0,23179.0,22811.921875,23170.0,0
2020-07-30,23175.0,23176.0,22773.7109375,23175.0,0
2020-07-31,23175.0,23177.0,22610.673828125,22610.673828125,0
2020-08-03,23170.0,23176.0,22820.130859375,23170.0,0
2020-08-04,23170.0,23176.0,22780.0390625,22780.0390625,0
2020-08-05,23175.0,23175.0,22760.48828125,22760.48828125,0
2020-08-06,23174.0,23175.0,22850.3828125,23174.0,0
2020-08-07,23173.0,23175.0,22774.94921875,23173.0,0
2020-08-10,22903.845703125,23175.0,22834.646484375,23173.0,0
2020-08-11,23170.0,23174.0,22850.498046875,23170.0,0
2020-08-12,23174.0,23175.0,22843.142578125,22947.67578125,0
2020-08-13,23175.0,23178.0,22781.228515625,22781.228515625,0
2020-08-14,23174.0,23176.0,22830.34375,23174.0,0
2020-08-17,23174.0,23185.0,22837.01171875,23174.0,0
2020-08-18,23174.0,23175.0,22760.76171875,22760.76171875,0
2020-08-19,23174.0,23175.0,22750.48046875,23174.0,0
2020-08-20,23174.0,23175.0,22851.87890625,23174.0,0
2020-08-21,23174.0,23176.0,22769.3203125,22769.3203125,0
2020-08-24,23175.0,23185.0,22845.71875,23175.0,0
2020-08-25,23177.0,23177.0,22901.572265625,23177.0,0
2020-08-26,23170.0,23175.0,22827.046875,23170.0,0
2020-08-27,23174.0,23175.0,22784.33984375,23174.0,0
2020-08-28,23174.0,23175.0,22812.970703125,22812.970703125,0
2020-08-31,23174.0,23174.0,22819.708984375,23174.0,0
2020-09-01,23174.0,23174.0,22796.490234375,22796.490234375,0
2020-09-02,23174.0,23174.0,22834.310546875,23174.0,0
2020-09-03,23174.0,23174.0,22847.994140625,23174.0,0
2020-09-04,23174.0,23178.0,23170.0,23174.0,0
2020-09-07,23178.0,23178.0,22836.66796875,23178.0,0
2020-09-08,23174.0,23178.0,22847.599609375,23174.0,0
2020-09-09,23176.0,23185.0,22831.67578125,23176.0,0
2020-09-10,23175.0,23178.0,22728.638671875,23175.0,0
2020-09-11,23173.0,23176.0,22836.40234375,23173.0,0
2020-09-14,23174.0,23181.0,22840.5625,23174.0,0
2020-09-15,23175.0,23176.0,22843.455078125,23175.0,0
2020-09-16,23175.0,23178.0,22841.83203125,22964.865234375,0
2020-09-17,23178.0,23178.0,22855.1796875,23178.0,0
2020-09-18,23170.0,23180.0,22735.056640625,22735.056640625,0
2020-09-21,23170.0,23182.0,23170.0,23170.0,0
2020-09-22,23178.0,23179.0,22852.232421875,22874.37890625,0
2020-09-23,23177.0,23185.0,22997.302734375,23177.0,0
2020-09-24,23185.0,23185.0,22831.0703125,22914.052734375,0
2020-09-25,23184.0,23195.0,22793.79296875,23184.0,0
2020-09-28,23191.0,23191.0,22842.6875,23191.0,0
2020-09-29,23188.0,23190.0,22814.02734375,23188.0,0
2020-09-30,23190.0,23190.0,22848.185546875,23190.0,0
2020-10-01,23181.0,23188.0,22823.912109375,23181.0,0
2020-10-02,23188.0,23194.0,22853.7265625,23188.0,0
2020-10-05,23191.0,23203.0,22858.625,23191.0,0
2020-10-06,23203.0,23206.0,22788.353515625,22788.353515625,0
2020-10-07,23205.0,23205.0,22862.51171875,23205.0,0
2020-10-08,23205.0,23205.0,22853.669921875,23205.0,0
2020-10-09,23191.0,23205.0,22848.693359375,23191.0,0
2020-10-12,23180.0,23190.0,22843.408203125,23180.0,0
2020-10-13,23178.0,23181.0,22833.728515625,23178.0,0
2020-10-14,23177.0,23177.0,22835.1328125,23177.0,0
2020-10-15,23175.0,23177.0,22806.951171875,23175.0,0
2020-10-16,23170.0,23180.0,22850.556640625,23170.0,0
2020-10-19,23175.0,23177.0,22836.650390625,23175.0,0
2020-10-20,23175.0,23179.0,22787.4609375,22819.97265625,0
2020-10-21,23179.0,23180.0,22838.857421875,23179.0,0
2020-10-22,23177.0,23179.0,22845.064453125,22865.849609375,0
2020-10-23,23176.0,23180.0,22842.017578125,23177.0,0
2020-10-26,23176.0,23177.0,22836.21484375,23177.0,0
2020-10-27,23175.0,23176.0,22839.98046875,22839.98046875,0
2020-10-28,23175.0,23177.0,22840.951171875,23175.0,0
2020-10-29,23176.0,23181.0,22794.8125,23176.0,0
2020-10-30,23170.0,23180.0,22836.583984375,22877.634765625,0
2020-11-02,23180.0,23177.0,22836.150390625,23177.0,0
2020-11-03,23177.0,23177.0,22833.91015625,23177.0,0
2020-11-04,23176.0,23177.0,22819.45703125,22876.8984375,0
2020-11-05,23176.0,23177.0,23175.0,23175.0,0
2020-11-06,23175.0,23180.0,22829.828125,23175.0,0
2020-11-09,23176.0,23176.0,22859.98046875,23176.0,0
2020-11-10,23170.0,23175.0,22823.919921875,23170.0,0
2020-11-11,23173.0,23175.0,22786.9609375,23173.0,0
2020-11-12,23175.0,23175.0,22808.7890625,22808.7890625,0
2020-11-13,23175.0,23180.0,22841.875,22841.875,0
2020-11-16,23175.0,23176.0,22807.669921875,23175.0,0
2020-11-17,23175.0,23176.0,22776.90234375,23175.0,0
2020-11-18,23163.0,23176.0,22838.388671875,23163.0,0
2020-11-19,23160.0,23176.0,22839.837890625,23160.0,0
2020-11-20,23176.0,23182.0,22764.8359375,23176.0,0
2020-11-23,23176.0,23182.0,22851.091796875,23176.0,0
2020-11-24,23177.0,23170.0,22815.34765625,22960.98046875,0
2020-11-25,23151.0,23165.0,22755.904296875,23151.0,0
2020-11-26,23160.0,23164.0,22744.595703125,23160.0,0
2020-11-27,23164.0,23180.0,22807.8125,23164.0,0
2020-11-30,23160.0,23177.0,22743.130859375,23177.0,0
2020-12-01,23140.0,23140.0,22801.490234375,23140.0,0
2020-12-02,23129.0,23131.0,22609.8203125,23129.0,0
2020-12-03,23129.0,23130.0,22683.162109375,23129.0,0
2020-12-04,23125.0,23130.0,22777.41015625,23125.0,0
2020-12-07,23130.0,23130.0,22806.126953125,23130.0,0
2020-12-08,23127.0,23130.0,22785.091796875,23127.0,0
2020-12-09,23128.0,23130.0,22786.97265625,23128.0,0
2020-12-10,23128.0,23130.0,22808.1796875,22857.615234375,0
2020-12-11,23128.0,23177.0,22804.6875,23177.0,0
2020-12-14,23128.0,23177.0,22802.71484375,23177.0,0
2020-12-15,23126.0,23127.0,22789.681640625,23126.0,0
2020-12-16,23126.0,23127.0,22802.240234375,23126.0,0
2020-12-17,23126.0,23126.0,22805.07421875,23126.0,0
2020-12-18,23120.0,23124.0,22767.76953125,22767.76953125,0
2020-12-21,23124.0,23125.0,22911.166015625,23124.0,0
2020-12-22,23120.0,23134.0,22673.55078125,23120.0,0
2020-12-23,23127.0,23135.0,22806.98828125,23127.0,0
2020-12-24,23130.0,23136.0,22774.94921875,23130.0,0
2020-12-25,23125.0,23152.0,22818.8203125,23125.0,0
2020-12-28,23130.0,23130.0,22808.009765625,23130.0,0
2020-12-29,23125.0,23125.0,22748.501953125,23125.0,0
2020-12-30,23120.0,23125.0,22716.880859375,23120.0,0
2020-12-31,23088.0,23095.0,22700.642578125,22700.642578125,0
2021-01-01,23070.0,23070.0,23070.0,23070.0,0
2021-01-04,23070.0,23095.0,22745.234375,23095.0,0
2021-01-05,23070.0,23098.0,22781.490234375,23070.0,0
2021-01-06,23080.0,23096.0,22751.939453125,23080.0,0
2021-01-07,23090.0,23129.0,22758.46875,23090.0,0
2021-01-08,23078.0,23078.0,22740.369140625,23078.0,0
2021-01-11,22788.548828125,23070.0,22741.92578125,23066.0,0
2021-01-12,23050.0,23070.0,22732.060546875,23050.0,0
2021-01-13,23065.0,23070.0,22613.265625,23065.0,0
2021-01-14,23064.0,23068.0,22730.01953125,23064.0,0
2021-01-15,23064.0,23067.0,22737.3359375,23064.0,0
2021-01-18,22818.826171875,23095.0,22741.251953125,23095.0,0
2021-01-19,23069.0,23070.0,22684.1796875,23069.0,0
2021-01-20,23069.0,23075.0,22742.171875,23069.0,0
2021-01-21,23072.0,23075.0,22721.162109375,23072.0,0
2021-01-22,23060.0,23076.0,22685.73046875,23060.0,0
2021-01-25,23070.0,23075.0,22743.61328125,23070.0,0
2021-01-26,23060.0,23070.0,22730.154296875,23060.0,0
2021-01-27,23069.0,23070.0,22696.41796875,23069.0,0
2021-01-28,23069.0,23069.0,22768.345703125,23069.0,0
2021-01-29,23059.0,23070.0,22691.408203125,23059.0,0
2021-02-01,22699.072265625,23048.0,22708.65625,23048.0,0
2021-02-02,23045.0,23061.0,23010.0,23045.0,0
2021-02-03,23027.0,23061.0,22703.462890625,23027.0,0
2021-02-04,23020.0,23025.0,22651.306640625,23020.0,0
2021-02-05,23015.0,23015.0,22677.07421875,23015.0,0
2021-02-08,23000.0,23000.0,22655.798828125,23000.0,0
2021-02-09,22970.0,23010.0,22596.908203125,22970.0,0
2021-02-10,23010.0,23010.0,22697.564453125,23010.0,0
2021-02-11,23010.0,23010.0,22682.75,22698.21875,0
2021-02-12,23010.0,23010.0,22686.2109375,22686.2109375,0
2021-02-15,23010.0,23010.0,22697.3984375,23010.0,0
2021-02-16,23010.0,23010.0,22666.650390625,22666.650390625,0
2021-02-17,23010.0,23020.0,22682.916015625,22970.0,0
2021-02-18,23010.0,23015.0,22691.568359375,23010.0,0
2021-02-19,23015.0,23018.0,22655.244140625,23015.0,0
2021-02-22,22727.703125,23022.0,22695.625,23018.0,0
2021-02-23,23020.0,23025.0,22621.908203125,23020.0,0
2021-02-24,23025.0,23025.0,22688.005859375,22691.8515625,0
2021-02-25,23020.0,23025.0,22694.94921875,23020.0,0
2021-02-26,23025.0,23017.0,22679.6796875,23010.0,0
2021-03-01,23015.0,23026.0,22699.494140625,23015.0,0
2021-03-02,23020.0,23030.0,22696.8515625,22722.890625,0
2021-03-03,23022.0,23030.0,22694.5234375,23025.0,0
2021-03-04,23020.0,23021.0,22680.56640625,23020.0,0
2021-03-05,23019.0,23035.0,22688.357421875,23019.0,0
2021-03-08,23033.0,22707.5,22707.189453125,22707.189453125,0
2021-03-09,22707.5,22753.34375,22726.470703125,22753.34375,0
2021-03-10,22726.470703125,23052.0,22712.40625,22760.697265625,0
2021-03-11,23052.0,23053.0,22723.73828125,23052.0,0
2021-03-12,23051.0,23056.0,22710.3828125,23051.0,0
2021-03-15,22651.580078125,23081.0,22692.87109375,23055.0,0
2021-03-16,23081.0,23082.0,22748.921875,23075.0,0
2021-03-17,23082.0,23082.0,23045.0,23082.0,0
2021-03-18,23045.0,23065.0,22724.228515625,23045.0,0
2021-03-19,23065.0,23075.0,22729.984375,23065.0,0
2021-03-22,22761.62890625,23080.0,22743.1640625,23073.0,0
2021-03-23,23076.0,23076.0,22737.1015625,23076.0,0
2021-03-24,23070.0,23081.0,22748.017578125,23070.0,0
2021-03-25,23080.0,23085.0,22742.6328125,23080.0,0
2021-03-26,23084.0,23090.0,22742.791015625,23090.0,0
2021-03-29,23084.0,23084.0,22744.1953125,23084.0,0
2021-03-30,23070.0,23070.0,22733.43359375,23070.0,0
2021-03-31,23070.0,23075.0,22729.578125,23070.0,0
2021-04-01,23074.0,23076.0,22731.978515625,22740.62109375,0
2021-04-02,23065.0,23074.0,22662.36328125,23065.0,0
2021-04-05,23073.0,23081.0,22703.830078125,23073.0,0
2021-04-06,23079.0,23092.0,22752.48828125,23079.0,0
2021-04-07,23090.0,23092.0,22628.302734375,23090.0,0
2021-04-08,23090.0,23088.0,22746.73828125,22805.6640625,0
2021-04-09,23085.0,23073.0,22640.43359375,22640.43359375,0
2021-04-12,22697.6328125,23070.0,22736.9296875,23065.0,0
2021-04-13,23067.0,23071.0,22733.884765625,23067.0,0
2021-04-14,23069.0,23078.0,22744.802734375,23075.0,0
2021-04-15,23078.0,23073.0,22732.173828125,23073.0,0
2021-04-16,23073.0,23073.0,23060.0,23073.0,0
2021-04-19,22747.548828125,23073.0,22737.0859375,22775.5859375,0
2021-04-20,23073.0,23075.0,22734.474609375,23073.0,0
2021-04-21,23074.0,23074.0,22742.828125,23074.0,0
2021-04-22,23074.0,23072.0,22733.91015625,23068.0,0
2021-04-23,23070.0,23070.0,22745.033203125,23062.0,0
2021-04-26,22664.841796875,23070.0,22651.080078125,22651.080078125,0
2021-04-27,23040.0,23050.0,22718.8828125,22735.306640625,0
2021-04-28,23042.0,23047.0,22722.92578125,22722.92578125,0
2021-04-29,23047.0,23060.0,22576.287109375,22576.287109375,0
2021-04-30,23054.0,23054.0,22716.552734375,23054.0,0
2021-05-03,22837.033203125,23054.0,22722.59765625,23054.0,0
2021-05-04,23054.0,23068.0,22726.556640625,22726.556640625,0
2021-05-05,23050.0,23067.0,22717.857421875,23050.0,0
2021-05-06,23060.0,23067.0,22738.2578125,23060.0,0
2021-05-07,23067.0,23067.0,22729.7578125,23067.0,0
2021-05-10,22562.2265625,23062.0,22736.279296875,23060.0,0
2021-05-11,23060.0,23060.0,22801.615234375,23060.0,0
2021-05-12,23055.0,23058.0,22721.912109375,22763.41015625,0
2021-05-13,23053.0,23040.0,23023.0,23023.0,0
2021-05-14,23040.0,23050.0,22707.041015625,23040.0,0
2021-05-17,23048.0,23053.0,22722.302734375,23048.0,0
2021-05-18,23046.0,23046.0,22713.236328125,23046.0,0
2021-05-19,23040.0,23048.0,22723.697265625,23042.0,0
2021-05-20,23045.0,23050.0,22711.84765625,23045.0,0
2021-05-21,23045.0,23055.0,22732.072265625,23050.0,0
2021-05-24,23054.0,23056.0,22732.5390625,23054.0,0
2021-05-25,23056.0,23060.0,22715.1484375,22715.1484375,0
2021-05-26,23060.0,23060.0,22740.060546875,22740.060546875,0
2021-05-27,23055.0,23059.0,22728.31640625,23055.0,0
2021-05-28,23045.0,23049.0,22712.06640625,23045.0,0
2021-05-31,23045.0,23048.0,22724.30859375,23045.0,0
2021-06-01,23040.0,23046.0,22648.40625,23040.0,0
2021-06-02,23044.0,23046.0,23040.0,23044.0,0
2021-06-03,23040.0,23046.0,22639.99609375,22639.99609375,0
2021-06-04,23041.0,23052.0,22826.8671875,22826.8671875,0
2021-06-07,23044.0,23050.0,23000.0,23044.0,0
2021-06-08,23000.0,23000.0,22615.2265625,23000.0,0
2021-06-09,22952.0,22966.0,22631.125,22952.0,0
2021-06-10,22955.0,23000.0,22616.59765625,22955.0,0
2021-06-11,22947.0,22964.0,22603.2265625,22603.2265625,0
2021-06-14,22945.0,22948.0,22620.70703125,22945.0,0
2021-06-15,22944.0,22952.0,22616.416015625,22944.0,0
2021-06-16,22947.0,22952.0,22609.35546875,22947.0,0
2021-06-17,22946.0,22966.0,22628.1171875,22946.0,0
2021-06-18,22960.0,23010.0,22667.736328125,22970.0,0
2021-06-21,22995.0,23040.0,22945.0,22995.0,0
2021-06-22,23014.0,23025.0,22653.34375,23014.0,0
2021-06-23,23025.0,23026.0,22617.142578125,22617.142578125,0
2021-06-24,23020.0,23020.0,22667.458984375,22713.291015625,0
2021-06-25,23003.0,23050.0,22696.146484375,22696.146484375,0
2021-06-28,22700.0546875,23020.0,22696.251953125,22696.251953125,0
2021-06-29,23020.0,23025.0,22693.265625,23023.0,0
2021-06-30,23020.0,23021.0,23014.0,23020.0,0
2021-07-01,23014.0,23014.0,22676.5546875,23014.0,0
2021-07-02,23010.0,23020.0,22657.076171875,23010.0,0
2021-07-05,22590.8125,23003.0,22985.0,22998.0,0
2021-07-06,22996.0,23010.0,22670.591796875,22692.97265625,0
2021-07-07,23007.0,23015.0,22676.0,22705.587890625,0
2021-07-08,23015.0,23024.0,22734.84765625,22735.71484375,0
2021-07-09,23007.0,23020.0,22659.7421875,22670.65234375,0
2021-07-12,22626.92578125,23020.0,22677.59375,23000.0,0
2021-07-13,23020.0,23023.0,23000.0,23020.0,0
2021-07-14,23010.0,23017.0,22663.154296875,23010.0,0
2021-07-15,23011.0,23015.0,22604.359375,23011.0,0
2021-07-16,23009.0,23013.0,22675.1796875,23009.0,0
2021-07-19,22667.59375,23025.0,23010.0,23011.0,0
2021-07-20,23020.0,23026.0,22645.84375,22645.84375,0
2021-07-21,23026.0,23028.0,22693.548828125,22693.548828125,0
2021-07-22,23022.0,23022.0,22652.330078125,23022.0,0
2021-07-23,23010.0,23020.0,22698.42578125,23010.0,0
2021-07-26,22652.552734375,23020.0,23000.0,23005.0,0
2021-07-27,23008.0,23020.0,22639.46484375,23008.0,0
2021-07-28,23005.0,23020.0,22622.08984375,22622.08984375,0
2021-07-29,22999.0,23015.0,22584.51171875,22999.0,0
2021-07-30,22965.0,22965.0,22617.21484375,22965.0,0
2021-08-02,22950.0,22958.0,22615.123046875,22950.0,0
2021-08-03,22950.0,22950.0,22651.123046875,22651.123046875,0
2021-08-04,22950.0,22954.0,22612.97265625,22668.18359375,0
2021-08-05,22945.0,22945.0,22605.73046875,22945.0,0
2021-08-06,22936.0,22950.0,22591.083984375,22936.0,0
2021-08-09,22672.322265625,22965.0,22922.0,22927.0,0
2021-08-10,22925.0,22939.0,22615.244140625,22615.244140625,0
2021-08-11,22887.0,22950.0,22573.318359375,22887.0,0
2021-08-12,22809.0,22844.0,22421.0546875,22421.0546875,0
2021-08-13,22805.0,22830.0,22466.845703125,22805.0,0
2021-08-16,22830.0,22842.0,22495.4375,22830.0,0
2021-08-17,22830.0,22836.0,22800.0,22830.0,0
2021-08-18,22830.0,22833.0,22791.0,22830.0,0
2021-08-19,22807.0,22830.0,22800.0,22807.0,0
2021-08-20,22812.0,22828.0,22491.91796875,22828.0,0
2021-08-23,22451.056640625,22825.0,22812.0,22820.0,0
2021-08-24,22825.0,22827.0,22464.80859375,22825.0,0
2021-08-25,22820.0,22820.0,22468.732421875,22820.0,0
2021-08-26,22790.0,22790.0,22415.6171875,22790.0,0
2021-08-27,22785.0,22789.0,22448.796875,22785.0,0
2021-08-30,22789.0,22796.0,22775.0,22789.0,0
2021-08-31,22775.0,22781.0,22425.431640625,22427.83984375,0
2021-09-01,22775.0,22775.0,22427.716796875,22775.0,0
2021-09-02,22760.0,22760.0,22377.07421875,22760.0,0
2021-09-03,22760.0,22760.0,22375.580078125,22760.0,0
2021-09-06,22760.0,22773.0,22423.833984375,22760.0,0
2021-09-07,22760.0,22780.0,22424.349609375,22760.0,0
2021-09-08,22758.0,22767.0,22750.0,22758.0,0
2021-09-09,22757.0,22765.0,22433.75390625,22757.0,0
2021-09-10,22765.0,22765.0,22418.216796875,22765.0,0
2021-09-13,22757.0,22765.0,22755.0,22757.0,0
2021-09-14,22759.0,22763.0,22358.470703125,22759.0,0
2021-09-15,22759.0,22762.0,22417.509765625,22759.0,0
2021-09-16,22758.0,22760.0,22437.31640625,22758.0,0
2021-09-17,22753.0,22770.0,22427.15625,22753.0,0
2021-09-20,22770.0,22773.0,22435.4296875,22770.0,0
2021-09-21,22769.0,22772.0,22406.05859375,22769.0,0
2021-09-22,22755.0,22770.0,22423.287109375,22450.625,0
2021-09-23,22760.0,22765.0,22429.005859375,22760.0,0
2021-09-24,22762.0,22769.0,22366.662109375,22366.662109375,0
2021-09-27,22760.0,22767.0,22429.427734375,22760.0,0
2021-09-28,22766.0,22784.0,22462.625,22766.0,0
2021-09-29,22761.0,22767.0,22415.228515625,22761.0,0
2021-09-30,22753.0,22765.0,22415.142578125,22753.0,0
2021-10-01,22750.0,22760.0,22407.416015625,22750.0,0
2021-10-04,22757.0,22759.0,22414.111328125,22757.0,0
2021-10-05,22757.0,22758.0,22432.642578125,22432.642578125,0
2021-10-06,22754.0,22762.0,22403.29296875,22411.77734375,0
2021-10-07,22750.0,22760.0,22372.5703125,22372.5703125,0
2021-10-08,22750.0,22760.0,22414.912109375,22750.0,0
2021-10-11,22399.798828125,22758.0,22750.0,22757.0,0
2021-10-12,22750.0,22757.0,22410.919921875,22447.734375,0
2021-10-13,22757.0,22762.0,22433.056640625,22433.056640625,0
2021-10-14,22757.0,22761.0,22339.755859375,22339.755859375,0
2021-10-15,22757.0,22760.0,22418.8203125,22445.1328125,0
2021-10-18,22758.0,22758.0,22413.546875,22758.0,0
2021-10-19,22758.0,22758.0,22348.57421875,22758.0,0
2021-10-20,22755.0,22756.0,22407.08203125,22755.0,0
2021-10-21,22755.0,22755.0,22367.388671875,22755.0,0
2021-10-22,22750.0,22754.0,22399.5390625,22436.314453125,0
2021-10-25,22394.345703125,22754.0,22410.43359375,22754.0,0
2021-10-26,22745.0,22758.0,22449.638671875,22745.0,0
2021-10-27,22757.0,22759.0,22454.85546875,22757.0,0
2021-10-28,22755.0,22755.0,22417.845703125,22755.0,0
2021-10-29,22750.0,22752.0,22260.353515625,22750.0,0
2021-11-01,22750.0,22750.0,22403.74609375,22750.0,0
2021-11-02,22750.0,22757.0,22359.89453125,22750.0,0
2021-11-03,22748.0,22748.0,22401.33203125,22443.341796875,0
2021-11-04,22747.0,22687.0,22371.3125,22371.3125,0
2021-11-05,22680.0,22680.0,22333.5859375,22680.0,0
2021-11-08,22680.0,22680.0,22300.427734375,22680.0,0
2021-11-09,22660.0,22664.0,22298.40625,22298.40625,0
2021-11-10,22662.0,22662.0,22293.53515625,22662.0,0
2021-11-11,22660.0,22660.0,22292.529296875,22660.0,0
2021-11-12,22645.0,22661.0,22300.748046875,22356.541015625,0
2021-11-15,22640.0,22661.0,22305.216796875,22640.0,0
2021-11-16,22645.0,22650.0,22640.0,22645.0,0
2021-11-17,22650.0,22651.0,22295.10546875,22650.0,0
2021-11-18,22648.0,22660.0,22301.75,22648.0,0
2021-11-19,22650.0,22660.0,22296.490234375,22650.0,0
2021-11-22,22657.0,22670.0,22324.814453125,22657.0,0
2021-11-23,22670.0,22675.0,22318.25390625,22398.220703125,0
2021-11-24,22675.0,22690.0,22332.052734375,22675.0,0
2021-11-25,22680.0,22680.0,22355.576171875,22680.0,0
2021-11-26,22670.0,22680.0,22665.0,22670.0,0
2021-11-29,22678.0,22690.0,22670.0,22678.0,0
2021-11-30,22690.0,22722.0,22670.0,22688.0,0
2021-12-01,22688.0,22710.0,22685.0,22688.0,0
2021-12-02,22710.0,22730.0,22699.0,22710.0,0
2021-12-03,22730.0,22830.0,22688.0,22730.0,0
2021-12-06,22830.0,23100.0,22830.0,22830.0,0
2021-12-07,23020.0,23110.0,23000.0,23020.0,0
2021-12-08,23070.0,23075.0,22910.0,23070.0,0
2021-12-09,22920.0,22985.0,22900.0,22920.0,0
2021-12-10,22980.0,23030.0,22960.0,23000.0,0
2021-12-13,23025.0,23030.0,22950.0,23030.0,0
2021-12-14,22975.0,23020.0,22950.0,22975.0,0
2021-12-15,23000.0,23060.0,23000.0,23000.0,0
2021-12-16,23030.0,23040.0,22980.0,23030.0,0
2021-12-17,22990.0,23020.0,22900.0,22990.0,0
2021-12-20,22980.0,22980.0,22910.0,22980.0,0
2021-12-21,22928.0,22933.0,22880.0,22928.0,0
2021-12-22,22933.0,22965.0,22910.0,22933.0,0
2021-12-23,22955.0,22960.0,22920.0,22955.0,0
2021-12-24,22950.0,22950.0,22840.0,22950.0,0
2021-12-27,22840.0,22840.0,22780.0,22840.0,0
2021-12-28,22810.0,22850.0,22800.0,22810.0,0
2021-12-29,22835.0,22835.0,22815.0,22835.0,0
2021-12-30,22820.0,22820.0,22765.0,22820.0,0
2021-12-31,22765.0,22830.0,22740.0,22765.0,0
2022-01-03,22825.0,22825.0,22825.0,22825.0,0
2022-01-04,22825.0,22825.0,22745.0,22825.0,0
2022-01-05,22752.0,22755.0,22730.0,22752.0,0
2022-01-06,22755.0,22755.0,22740.0,22755.0,0
2022-01-07,22745.0,22740.0,22680.0,22740.0,0
2022-01-10,22685.0,22750.0,22670.0,22685.0,0
2022-01-11,22695.0,22725.0,22670.0,22700.0,0
2022-01-12,22698.0,22700.0,22685.0,22685.0,0
2022-01-13,22698.0,22710.0,22680.0,22700.0,0
2022-01-14,22710.0,22725.0,22700.0,22710.0,0
2022-01-17,22710.0,22733.0,22700.0,22710.0,0
2022-01-18,22720.0,22800.0,22720.0,22745.0,0
2022-01-19,22750.0,22785.0,22695.0,22720.0,0
2022-01-20,22700.0,22730.0,22635.0,22700.0,0
2022-01-21,22645.0,22660.0,22610.0,22645.0,0
2022-01-24,22625.0,22690.0,22620.0,22625.0,0
2022-01-25,22675.0,22700.0,22630.0,22630.0,0
2022-01-26,22630.0,22660.0,22625.0,22630.0,0
2022-01-27,22630.0,22654.0,22625.0,22630.0,0
2022-01-28,22630.0,22660.0,22630.0,22630.0,0
2022-01-31,22645.0,22645.0,22645.0,22645.0,0
2022-02-01,22645.0,22645.0,22645.0,22645.0,0
2022-02-02,22645.0,22645.0,22645.0,22645.0,0
2022-02-03,22645.0,22645.0,22645.0,22645.0,0
2022-02-04,22645.0,22645.0,22645.0,22645.0,0
2022-02-07,22645.0,22680.0,22635.0,22640.0,0
2022-02-08,22665.0,22715.0,22665.0,22665.0,0
2022-02-09,22715.0,22735.0,22680.0,22715.0,0
2022-02-10,22680.0,22695.0,22680.0,22680.0,0
2022-02-11,22680.0,22695.0,22670.0,22680.0,0
2022-02-14,22685.0,22750.0,22685.0,22685.0,0
2022-02-15,22725.0,22760.0,22725.0,22725.0,0
2022-02-16,22750.0,22760.0,22740.0,22750.0,0
2022-02-17,22750.0,22785.0,22750.0,22750.0,0
2022-02-18,22785.0,22850.0,22785.0,22785.0,0
2022-02-21,22820.0,22835.0,22795.0,22820.0,0
2022-02-22,22800.0,22835.0,22795.0,22800.0,0
2022-02-23,22815.0,22834.0,22815.0,22815.0,0
2022-02-24,22825.0,22840.0,22815.0,22825.0,0
2022-02-25,22840.0,22840.0,22810.0,22840.0,0
2022-02-28,22820.0,22840.0,22800.0,22840.0,0
2022-03-01,22805.0,22818.0,22800.0,22805.0,0
2022-03-02,22815.0,22840.0,22815.0,22815.0,0
2022-03-03,22840.0,22850.0,22815.0,22840.0,0
2022-03-04,22835.0,22840.0,22830.0,22835.0,0
2022-03-07,22830.0,22855.0,22830.0,22830.0,0
2022-03-08,22845.0,22848.0,22840.0,22848.0,0
2022-03-09,22845.0,22845.0,22830.0,22845.0,0
2022-03-10,22835.0,22853.0,22830.0,22835.0,0
2022-03-11,22835.0,22880.0,22830.0,22850.0,0
2022-03-14,22873.0,22894.0,22840.0,22873.0,0
2022-03-15,22890.0,22895.0,22873.0,22890.0,0
2022-03-16,22880.0,22883.0,22860.0,22880.0,0
2022-03-17,22879.0,22879.0,22860.0,22879.0,0
2022-03-18,22865.0,22870.0,22850.0,22865.0,0
2022-03-21,22860.0,22893.0,22850.0,22860.0,0
2022-03-22,22860.0,22875.0,22855.0,22860.0,0
2022-03-23,22870.0,22882.0,22855.0,22875.0,0
2022-03-24,22872.0,22875.0,22860.0,22870.0,0
2022-03-25,22869.0,22874.0,22860.0,22867.0,0
2022-03-28,22861.0,22875.0,22840.0,22861.0,0
2022-03-29,22860.0,22875.0,22865.0,22860.0,0
2022-03-30,22865.0,22873.0,22850.0,22865.0,0
2022-03-31,22854.0,22863.0,22830.0,22854.0,0
2022-04-01,22838.0,22850.0,22835.0,22838.0,0
2022-04-04,22837.0,22847.0,22830.0,22837.0,0
2022-04-05,22846.0,22874.0,22843.0,22846.0,0
2022-04-06,22873.0,22877.0,22847.0,22873.0,0
2022-04-07,22866.0,22870.0,22835.0,22866.0,0
2022-04-08,22859.0,22868.0,22840.0,22859.0,0
2022-04-11,22860.0,22860.0,22860.0,22860.0,0
2022-04-12,22860.0,22889.0,22860.0,22872.0,0
2022-04-13,22888.0,22894.0,22870.0,22888.0,0
2022-04-14,22887.0,22901.0,22885.0,22887.0,0
2022-04-15,22900.0,22903.0,22840.0,22900.0,0
2022-04-18,22899.0,22929.0,22888.0,22899.0,0
2022-04-19,22890.0,22960.0,22890.0,22890.0,0
2022-04-20,22955.0,22983.0,22915.0,22955.0,0
2022-04-21,22962.0,22966.0,22950.0,22962.0,0
2022-04-22,22962.0,22970.0,22963.0,22962.0,0
2022-04-25,22965.0,22983.0,22960.0,22965.0,0
2022-04-26,22983.0,22983.0,22965.0,22983.0,0
2022-04-27,22970.0,22977.0,22958.0,22970.0,0
2022-04-28,22965.0,22965.0,22947.0,22965.0,0
2022-04-29,22956.0,22974.0,22950.0,22956.0,0
2022-05-02,22962.0,22962.0,22962.0,22962.0,0
2022-05-03,22962.0,22962.0,22962.0,22962.0,0
2022-05-04,22962.0,22973.0,22955.0,22962.0,0
2022-05-05,22966.0,22965.0,22945.0,22966.0,0
2022-05-06,22955.0,22963.0,22950.0,22955.0,0
2022-05-09,22955.0,22958.0,22942.0,22955.0,0
2022-05-10,22950.0,22960.0,22935.0,22950.0,0
2022-05-11,22941.0,23100.0,22941.0,22941.0,0
2022-05-12,23050.0,23100.0,23030.0,23050.0,0
2022-05-13,23096.0,23095.0,23080.0,23096.0,0
2022-05-16,23086.0,23095.0,23075.0,23086.0,0
2022-05-17,23095.0,23126.0,23080.0,23095.0,0
2022-05-18,23120.0,23140.0,23117.0,23120.0,0
2022-05-19,23139.0,23172.0,23130.0,23139.0,0
2022-05-20,23140.0,23175.0,23127.0,23140.0,0
2022-05-23,23160.0,23170.0,23127.0,23160.0,0
2022-05-24,23170.0,23215.0,23170.0,23170.0,0
2022-05-25,23210.0,23210.0,23165.0,23210.0,0
2022-05-26,23190.0,23210.0,23190.0,23190.0,0
2022-05-27,23205.0,23205.0,23183.0,23205.0,0
2022-05-30,23195.0,23200.0,23175.0,23195.0,0
2022-05-31,23176.0,23188.0,23176.0,23176.0,0
2022-06-01,23185.0,23202.0,23185.0,23185.0,0
2022-06-02,23196.0,23207.0,23185.0,23196.0,0
2022-06-03,23193.0,23198.0,23180.0,23193.0,0
2022-06-06,23187.0,23193.0,23180.0,23187.0,0
2022-06-07,23180.0,23192.0,23183.0,23180.0,0
2022-06-08,23185.0,23189.0,23185.0,23185.0,0
2022-06-09,23187.0,23187.0,23155.0,23187.0,0
2022-06-10,23155.0,23187.0,23155.0,23155.0,0
2022-06-13,23177.0,23205.0,23165.0,23177.0,0
2022-06-14,23195.0,23245.0,23195.0,23195.0,0
2022-06-15,23210.0,23230.0,23213.0,23210.0,0
2022-06-16,23230.0,23235.0,23215.0,23230.0,0
2022-06-17,23232.0,23240.0,23220.0,23232.0,0
2022-06-20,23220.0,23245.0,23190.0,23220.0,0
2022-06-21,23230.0,23233.0,23220.0,23230.0,0
2022-06-22,23226.0,23242.0,23225.0,23226.0,0
2022-06-23,23235.0,23252.0,23230.0,23235.0,0
2022-06-24,23244.0,23255.0,23235.0,23244.0,0
2022-06-27,23247.0,23253.0,23240.0,23247.0,0
2022-06-28,23245.0,23257.0,23199.0,23245.0,0
2022-06-29,23255.0,23265.0,23233.0,23255.0,0
2022-06-30,23265.0,23285.0,23235.0,23265.0,0
2022-07-01,23255.0,23310.0,23255.0,23255.0,0
2022-07-04,23300.0,23365.0,23300.0,23300.0,0
2022-07-05,23335.0,23370.0,23335.0,23335.0,0
2022-07-06,23360.0,23375.0,23358.0,23360.0,0
2022-07-07,23373.0,23383.0,23345.0,23373.0,0
2022-07-08,23350.0,23370.0,23330.0,23350.0,0
2022-07-11,23355.0,23355.0,23320.0,23355.0,0
2022-07-12,23347.0,23389.0,23347.0,23347.0,0
2022-07-13,23389.0,23393.0,23377.0,23389.0,0
2022-07-14,23388.0,23415.0,23335.0,23388.0,0
2022-07-15,23415.0,23450.0,23415.0,23415.0,0
2022-07-18,23450.0,23450.0,23399.0,23450.0,0
2022-07-19,23440.0,23450.0,23412.0,23440.0,0
2022-07-20,23412.0,23430.0,23407.0,23412.0,0
2022-07-21,23410.0,23410.0,23380.0,23410.0,0
2022-07-22,23410.0,23410.0,23390.0,23410.0,0
2022-07-25,23400.0,23400.0,23380.0,23400.0,0
2022-07-26,23385.0,23385.0,23345.0,23385.0,0
2022-07-27,23370.0,23377.0,23350.0,23370.0,0
2022-07-28,23375.0,23375.0,23352.0,23375.0,0
2022-07-29,23358.0,23368.0,23335.0,23358.0,0
2022-08-01,23335.0,23358.0,23335.0,23335.0,0
2022-08-02,23355.0,23360.0,23348.0,23355.0,0
2022-08-03,23353.0,23395.0,23350.0,23353.0,0
2022-08-04,23394.0,23413.0,23373.0,23394.0,0
2022-08-05,23393.0,23410.0,23382.0,23393.0,0
2022-08-08,23385.0,23396.0,23380.0,23385.0,0
2022-08-09,23388.0,23398.0,23380.0,23388.0,0
2022-08-10,23385.0,23388.0,23380.0,23385.0,0
2022-08-11,23385.0,23390.0,23375.0,23385.0,0
2022-08-12,23390.0,23397.0,23375.0,23390.0,0
2022-08-15,23392.0,23400.0,23390.0,23392.0,0
2022-08-16,23400.0,23407.0,23380.0,23400.0,0
2022-08-17,23403.0,23406.0,23395.0,23403.0,0
2022-08-18,23401.0,23401.0,23390.0,23401.0,0
2022-08-19,23401.0,23401.0,23395.0,23401.0,0
2022-08-22,23400.0,23410.0,23397.0,23400.0,0
2022-08-23,23410.0,23430.0,23400.0,23410.0,0
2022-08-24,23430.0,23480.0,23400.0,23430.0,0
2022-08-25,23425.0,23440.0,23410.0,23425.0,0
2022-08-26,23423.0,23431.0,23408.0,23423.0,0
2022-08-29,23412.0,23440.0,23390.0,23412.0,0
2022-08-30,23430.0,23430.0,23400.0,23430.0,0
2022-08-31,23415.0,23455.0,23415.0,23415.0,0
2022-09-01,23450.0,23450.0,23450.0,23450.0,0
2022-09-02,23450.0,23450.0,23450.0,23450.0,0
2022-09-05,23450.0,23535.0,23440.0,23450.0,0
2022-09-06,23505.0,23540.0,23470.0,23505.0,0
2022-09-07,23520.0,23620.0,23520.0,23520.0,0
2022-09-08,23580.0,23580.0,23500.0,23580.0,0
2022-09-09,23542.0,23565.0,23515.0,23542.0,0
2022-09-12,23515.0,23525.0,23500.0,23515.0,0
2022-09-13,23520.0,23555.0,23518.0,23520.0,0
2022-09-14,23553.0,23600.0,23553.0,23553.0,0
2022-09-15,23590.0,23620.0,23590.0,23590.0,0
2022-09-16,23620.0,23665.0,23600.0,23620.0,0
2022-09-19,23650.0,23672.0,23650.0,23650.0,0
2022-09-20,23670.0,23674.0,23660.0,23670.0,0
2022-09-21,23670.0,23694.0,23660.0,23670.0,0
2022-09-22,23690.0,23710.0,23690.0,23690.0,0
2022-09-23,23700.0,23710.0,23700.0,23700.0,0
2022-09-26,23700.0,23735.0,23700.0,23700.0,0
2022-09-27,23715.0,23731.0,23715.0,23715.0,0
2022-09-28,23730.0,23775.0,23727.0,23730.0,0
2022-09-29,23730.0,23840.0,23730.0,23730.0,0
2022-09-30,23820.0,23875.0,23800.0,23820.0,0
2022-10-03,23855.0,23907.0,23820.0,23855.0,0
2022-10-04,23880.0,23887.0,23850.0,23880.0,0
2022-10-05,23875.0,23880.0,23860.0,23875.0,0
2022-10-06,23865.0,23880.0,23860.0,23865.0,0
2022-10-07,23870.0,23890.0,23850.0,23870.0,0
2022-10-10,23875.0,23890.0,23870.0,23875.0,0
2022-10-11,23870.0,23930.0,23870.0,23870.0,0
2022-10-12,23925.0,23960.0,23888.0,23925.0,0
2022-10-13,23945.0,24130.0,23945.0,23945.0,0
2022-10-14,24120.0,24167.0,24080.0,24120.0,0
2022-10-17,24110.0,24330.0,24110.0,24110.0,0
2022-10-18,24310.0,24430.0,24310.0,24310.0,0
2022-10-19,24430.0,24560.0,24430.0,24430.0,0
2022-10-20,24450.0,24558.0,24430.0,24450.0,0
2022-10-21,24530.0,24820.0,24530.0,24530.0,0
2022-10-24,24820.0,24860.0,24790.0,24820.0,0
2022-10-25,24830.0,24855.0,24810.0,24830.0,0
2022-10-26,24840.0,24855.0,24820.0,24840.0,0
2022-10-27,24830.0,24847.0,24800.0,24830.0,0
2022-10-28,24830.0,24835.0,24805.0,24830.0,0
2022-10-31,24820.0,24850.0,24820.0,24820.0,0
2022-11-01,24840.0,24870.0,24820.0,24840.0,0
2022-11-02,24850.0,24870.0,24830.0,24850.0,0
2022-11-03,24835.0,24870.0,24835.0,24835.0,0
2022-11-04,24860.0,24876.0,24830.0,24860.0,0
2022-11-07,24870.0,24873.0,24830.0,24870.0,0
2022-11-08,24870.0,24871.0,24850.0,24870.0,0
2022-11-09,24871.0,24871.0,24850.0,24871.0,0
2022-11-10,24862.0,24869.0,24850.0,24862.0,0
2022-11-11,24865.0,24865.0,24790.0,24865.0,0
2022-11-14,24805.0,24805.0,24720.0,24805.0,0
2022-11-15,24735.0,24820.0,24735.0,24735.0,0
2022-11-16,24765.0,24800.0,24760.0,24765.0,0
2022-11-17,24775.0,24810.0,24775.0,24775.0,0
2022-11-18,24805.0,24814.0,24780.0,24805.0,0
2022-11-21,24800.0,24835.0,24800.0,24800.0,0
2022-11-22,24835.0,24852.0,24835.0,24835.0,0
2022-11-23,24850.0,24850.0,24830.0,24850.0,0
2022-11-24,24844.0,24848.0,24830.0,24844.0,0
2022-11-25,24833.0,24850.0,24745.0,24833.0,0
2022-11-28,24760.0,24800.0,24760.0,24760.0,0
2022-11-29,24770.0,24780.0,24700.0,24770.0,0
2022-11-30,24750.0,24750.0,24630.0,24750.0,0
2022-12-01,24630.0,24535.0,24475.0,24630.0,0
2022-12-02,24500.0,24430.0,24350.0,24500.0,0
2022-12-05,24350.0,24350.0,23900.0,24350.0,0
2022-12-06,23980.0,24070.0,23980.0,23980.0,0
2022-12-07,23980.0,24000.0,23810.0,23980.0,0
2022-12-08,23900.0,23900.0,23780.0,23900.0,0
2022-12-09,23780.0,23780.0,23490.0,23780.0,0
2022-12-12,23550.0,23680.0,23500.0,23550.0,0
2022-12-13,23680.0,23680.0,23570.0,23680.0,0
2022-12-14,23600.0,23600.0,23450.0,23600.0,0
2022-12-15,23520.0,23529.0,23480.0,23520.0,0
2022-12-16,23500.0,23590.0,23515.0,23500.0,0
2022-12-19,23580.0,23700.0,23580.0,23580.0,0
2022-12-20,23700.0,23830.0,23700.0,23700.0,0
2022-12-21,23730.0,23740.0,23670.0,23730.0,0
2022-12-22,23700.0,23715.0,23630.0,23700.0,0
2022-12-23,23630.0,23630.0,23550.0,23630.0,0
2022-12-26,23560.0,23645.0,23560.0,23560.0,0
2022-12-27,23590.0,23602.0,23550.0,23590.0,0
2022-12-28,23580.0,23625.0,23570.0,23580.0,0
2022-12-29,23620.0,23660.0,23600.0,23620.0,0
2022-12-30,23600.0,23630.0,23540.0,23600.0,0
2023-01-02,23610.0,23610.0,23610.0,23610.0,0
2023-01-03,23610.0,23610.0,23475.0,23610.0,0
2023-01-04,23515.0,23545.0,23500.0,23515.0,0
2023-01-05,23510.0,23510.0,23460.0,23510.0,0
2023-01-06,23475.0,23480.0,23450.0,23475.0,0
2023-01-09,23460.0,23480.0,23447.0,23460.0,0
2023-01-10,23447.0,23480.0,23445.0,23447.0,0
2023-01-11,23445.0,23450.0,23440.0,23445.0,0
2023-01-12,23440.0,23449.0,23437.0,23440.0,0
2023-01-13,23438.0,23448.0,23435.0,23438.0,0
2023-01-16,23435.0,23445.0,23422.0,23435.0,0
2023-01-17,23434.0,23445.0,23425.0,23434.0,0
2023-01-18,23427.0,23450.0,23425.0,23427.0,0
2023-01-19,23437.0,23475.0,23430.0,23437.0,0
2023-01-20,23440.0,23440.0,23440.0,23440.0,0
2023-01-23,23440.0,23440.0,23440.0,23440.0,0
2023-01-24,23440.0,23440.0,23440.0,23440.0,0
2023-01-25,23440.0,23440.0,23440.0,23440.0,0
2023-01-26,23440.0,23440.0,23440.0,23440.0,0
2023-01-27,23440.0,23475.0,23440.0,23440.0,0
2023-01-30,23460.0,23470.0,23440.0,23460.0,0
2023-01-31,23470.0,23470.0,23440.0,23470.0,0
2023-02-01,23445.0,23490.0,23440.0,23445.0,0
2023-02-02,23440.0,23449.0,23435.0,23440.0,0
2023-02-03,23449.0,23500.0,23440.0,23449.0,0
2023-02-06,23440.0,23500.0,23440.0,23440.0,0
2023-02-07,23480.0,23600.0,23480.0,23480.0,0
2023-02-08,23600.0,23600.0,23580.0,23600.0,0
2023-02-09,23590.0,23630.0,23555.0,23590.0,0
2023-02-10,23560.0,23620.0,23560.0,23560.0,0
2023-02-13,23565.0,23600.0,23547.0,23565.0,0
2023-02-14,23595.0,23615.0,23585.0,23595.0,0
2023-02-15,23600.0,23633.0,23600.0,23600.0,0
2023-02-16,23615.0,23685.0,23605.0,23615.0,0
2023-02-17,23680.0,23820.0,23680.0,23680.0,0
2023-02-20,23810.0,23840.0,23680.0,23810.0,0
2023-02-21,23725.0,23770.0,23680.0,23725.0,0
2023-02-22,23705.0,23790.0,23705.0,23705.0,0
2023-02-23,23780.0,23850.0,23760.0,23780.0,0
2023-02-24,23815.0,23815.0,23760.0,23815.0,0
2023-02-27,23780.0,23820.0,23780.0,23780.0,0
2023-02-28,23805.0,23805.0,23740.0,23805.0,0
2023-03-01,23740.0,23780.0,23710.0,23740.0,0
2023-03-02,23710.0,23730.0,23690.0,23710.0,0
2023-03-03,23700.0,23727.0,23700.0,23700.0,0
2023-03-06,23710.0,23710.0,23645.0,23710.0,0
2023-03-07,23650.0,23660.0,23615.0,23650.0,0
2023-03-08,23640.0,23750.0,23680.0,23640.0,0
2023-03-09,23710.0,23712.0,23680.0,23710.0,0
2023-03-10,23680.0,23700.0,23660.0,23680.0,0
2023-03-13,23660.0,23660.0,23530.0,23660.0,0
2023-03-14,23570.0,23600.0,23560.0,23570.0,0
2023-03-15,23570.0,23595.0,23565.0,23570.0,0
2023-03-16,23565.0,23580.0,23555.0,23565.0,0
2023-03-17,23560.0,23595.0,23560.0,23560.0,0
2023-03-20,23570.0,23580.0,23570.0,23570.0,0
2023-03-21,23570.0,23585.0,23570.0,23570.0,0
2023-03-22,23570.0,23570.0,23480.0,23570.0,0
2023-03-23,23510.0,23510.0,23480.0,23510.0,0
2023-03-24,23490.0,23510.0,23490.0,23490.0,0
2023-03-27,23510.0,23525.0,23500.0,23510.0,0
2023-03-28,23500.0,23515.0,23480.0,23500.0,0
2023-03-29,23480.0,23510.0,23475.0,23480.0,0
2023-03-30,23480.0,23484.0,23470.0,23480.0,0
2023-03-31,23470.0,23505.0,23450.0,23470.0,0
2023-04-03,23450.0,23475.0,23450.0,23450.0,0
2023-04-04,23470.0,23490.0,23460.0,23470.0,0
2023-04-05,23460.0,23465.0,23450.0,23460.0,0
2023-04-06,23465.0,23470.0,23445.0,23465.0,0
2023-04-07,23451.0,23451.0,23440.0,23451.0,0
2023-04-10,23442.0,23450.0,23437.0,23442.0,0
2023-04-11,23442.0,23449.0,23439.0,23442.0,0
2023-04-12,23445.0,23449.0,23440.0,23445.0,0
2023-04-13,23442.0,23447.0,23435.0,23442.0,0
2023-04-14,23440.0,23447.0,23440.0,23440.0,0
2023-04-17,23440.0,23490.0,23440.0,23440.0,0
2023-04-18,23485.0,23509.0,23485.0,23485.0,0
2023-04-19,23505.0,23511.0,23451.0,23505.0,0
2023-04-20,23511.0,23505.0,23475.0,23511.0,0
2023-04-21,23488.0,23496.0,23445.0,23488.0,0
2023-04-24,23485.0,23494.0,23470.0,23485.0,0
2023-04-25,23494.0,23494.0,23470.0,23494.0,0
2023-04-26,23473.0,23490.0,23465.0,23473.0,0
2023-04-27,23465.0,23480.0,23445.0,23465.0,0
2023-04-28,23445.0,23460.0,23445.0,23445.0,0
2023-05-01,23450.0,23450.0,23450.0,23450.0,0
2023-05-02,23450.0,23450.0,23450.0,23450.0,0
2023-05-03,23450.0,23450.0,23450.0,23450.0,0
2023-05-04,23450.0,23455.0,23440.0,23450.0,0
2023-05-05,23445.0,23450.0,23440.0,23445.0,0
2023-05-08,23440.0,23450.0,23440.0,23440.0,0
2023-05-09,23443.0,23463.0,23443.0,23443.0,0
2023-05-10,23460.0,23470.0,23448.0,23460.0,0
2023-05-11,23465.0,23470.0,23460.0,23465.0,0
2023-05-12,23465.0,23468.0,23450.0,23465.0,0
2023-05-15,23450.0,23468.0,23440.0,23450.0,0
2023-05-16,23452.0,23455.0,23445.0,23452.0,0
2023-05-17,23450.0,23451.0,23442.0,23450.0,0
2023-05-18,23450.0,23450.0,23400.0,23450.0,0
2023-05-19,23450.0,23485.0,23425.0,23450.0,0
2023-05-22,23460.0,23460.0,23434.0,23460.0,0
2023-05-23,23438.0,23475.0,23438.0,23438.0,0
2023-05-24,23470.0,23500.0,23444.0,23470.0,0
2023-05-25,23470.0,23480.0,23465.0,23470.0,0
2023-05-26,23470.0,23480.0,23470.0,23470.0,0
2023-05-29,23475.0,23477.0,23464.0,23475.0,0
2023-05-30,23465.0,23487.0,23465.0,23465.0,0
2023-05-31,23480.0,23494.0,23480.0,23480.0,0
2023-06-01,23485.0,23490.0,23470.0,23485.0,0
2023-06-02,23485.0,23485.0,23450.0,23485.0,0
2023-06-05,23475.0,23504.0,23465.0,23475.0,0
2023-06-06,23495.0,23495.0,23465.0,23495.0,0
2023-06-07,23485.0,23490.0,23470.0,23485.0,0
2023-06-08,23485.0,23495.0,23484.0,23485.0,0
2023-06-09,23490.0,23490.0,23470.0,23490.0,0
2023-06-12,23470.0,23482.0,23465.0,23470.0,0
2023-06-13,23480.0,23498.0,23480.0,23480.0,0
2023-06-14,23495.0,23508.0,23495.0,23495.0,0
2023-06-15,23500.0,23538.0,23470.0,23500.0,0
2023-06-16,23525.0,23535.0,23510.0,23525.0,0
2023-06-19,23520.0,23523.0,23505.0,23520.0,0
2023-06-20,23520.0,23530.0,23510.0,23520.0,0
2023-06-21,23520.0,23528.0,23505.0,23520.0,0
2023-06-22,23505.0,23518.0,23495.0,23505.0,0
2023-06-23,23515.0,23520.0,23495.0,23515.0,0
2023-06-26,23515.0,23530.0,23485.0,23515.0,0
2023-06-27,23530.0,23538.0,23510.0,23530.0,0
2023-06-28,23520.0,23555.0,23520.0,23520.0,0
2023-06-29,23555.0,23577.0,23543.0,23555.0,0
2023-06-30,23569.0,23588.0,23569.0,23569.0,0
2023-07-03,23575.0,23695.0,23543.0,23575.0,0
2023-07-04,23695.0,23700.0,23650.0,23695.0,0
2023-07-05,23700.0,23780.0,23700.0,23700.0,0
2023-07-06,23745.0,23765.0,23700.0,23745.0,0
2023-07-07,23710.0,23710.0,23630.0,23710.0,0
2023-07-10,23635.0,23665.0,23601.0,23635.0,0
2023-07-11,23640.0,23705.0,23625.0,23640.0,0
2023-07-12,23690.0,23680.0,23650.0,23690.0,0
2023-07-13,23660.0,23670.0,23610.0,23660.0,0
2023-07-14,23665.0,23665.0,23625.0,23665.0,0
2023-07-17,23630.0,23670.0,23620.0,23630.0,0
2023-07-18,23630.0,23643.0,23620.0,23630.0,0
2023-07-19,23635.0,23647.0,23630.0,23635.0,0
2023-07-20,23630.0,23685.0,23630.0,23630.0,0
2023-07-21,23647.0,23665.0,23630.0,23647.0,0
2023-07-24,23656.0,23668.0,23643.0,23656.0,0
2023-07-25,23665.0,23682.0,23655.0,23665.0,0
2023-07-26,23655.0,23675.0,23655.0,23655.0,0
2023-07-27,23665.0,23670.0,23650.0,23665.0,0
2023-07-28,23661.0,23692.0,23660.0,23661.0,0
2023-07-31,23685.0,23685.0,23660.0,23685.0,0
2023-08-01,23680.0,23685.0,23660.0,23680.0,0
2023-08-02,23680.0,23743.0,23660.0,23680.0,0
2023-08-03,23735.0,23768.0,23735.0,23735.0,0
2023-08-04,23750.0,23757.0,23725.0,23750.0,0
2023-08-07,23725.0,23740.0,23670.0,23725.0,0
2023-08-08,23720.0,23738.0,23692.0,23720.0,0
2023-08-09,23730.0,23743.0,23680.0,23730.0,0
2023-08-10,23735.0,23750.0,23705.0,23735.0,0
2023-08-11,23740.0,23750.0,23680.0,23740.0,0
2023-08-14,23750.0,23816.0,23720.0,23750.0,0
2023-08-15,23815.0,23965.0,23815.0,23815.0,0
2023-08-16,23965.0,24000.0,23905.0,23965.0,0
2023-08-17,23935.0,23960.0,23850.0,23935.0,0
2023-08-18,23850.0,23860.0,23770.0,23850.0,0
2023-08-21,23850.0,23860.0,23770.0,23850.0,0
2023-08-22,23850.0,23860.0,23770.0,23850.0,0
2023-08-23,23850.0,23860.0,23770.0,23850.0,0
2023-08-24,23900.0,23960.0,23960.0,23900.0,0
2023-08-25,23900.0,23975.0,23960.0,23900.0,0
2023-08-28,23975.0,24080.0,23950.0,23975.0,0
2023-08-29,24080.0,24195.0,24080.0,24080.0,0
2023-08-30,24180.0,24183.0,24100.0,24180.0,0
2023-08-31,24110.0,24110.0,24050.0,24110.0,0
2023-09-01,24060.0,24060.0,24060.0,24060.0,0
2023-09-04,24060.0,24060.0,24060.0,24060.0,0
2023-09-05,24060.0,24110.0,23975.0,24060.0,0
2023-09-06,24050.0,24095.0,23990.0,24050.0,0
2023-09-07,24055.0,24095.0,24025.0,24055.0,0
2023-09-08,24060.0,24100.0,24025.0,24060.0,0
2023-09-11,24055.0,24075.0,24025.0,24055.0,0
2023-09-12,24075.0,24100.0,24070.0,24075.0,0
2023-09-13,24100.0,24160.0,24080.0,24100.0,0
2023-09-14,24080.0,24230.0,24155.0,24080.0,0
2023-09-15,24220.0,24260.0,24220.0,24220.0,0
2023-09-18,24250.0,24370.0,24225.0,24250.0,0
2023-09-19,24370.0,24408.0,24370.0,24370.0,0
2023-09-20,24370.0,24370.0,23350.0,24370.0,0
2023-09-21,24270.0,24320.0,24240.0,24270.0,0
2023-09-22,24310.0,24360.0,24300.0,24310.0,0
2023-09-25,24360.0,24385.0,24320.0,24360.0,0
2023-09-26,24380.0,24435.0,24360.0,24380.0,0
2023-09-27,24380.0,24430.0,24369.0,24380.0,0
2023-09-28,24385.0,24430.0,24380.0,24385.0,0
2023-09-29,24385.0,24410.0,24245.0,24385.0,0
2023-10-02,24280.0,24340.0,24260.0,24280.0,0
2023-10-03,24340.0,24408.0,24320.0,24340.0,0
2023-10-04,24385.0,24430.0,24365.0,24385.0,0
2023-10-05,24420.0,24426.0,24370.0,24420.0,0
2023-10-06,24380.0,24426.0,24350.0,24380.0,0
2023-10-09,24360.0,24375.0,24345.0,24360.0,0
2023-10-10,24370.0,24415.0,24370.0,24370.0,0
2023-10-11,24390.0,24440.0,24375.0,24390.0,0
2023-10-12,24440.0,24450.0,24420.0,24440.0,0
2023-10-13,24435.0,24470.0,24435.0,24435.0,0
2023-10-16,24440.0,24473.0,24415.0,24440.0,0
2023-10-17,24460.0,24493.0,24450.0,24460.0,0
2023-10-18,24490.0,24555.0,24475.0,24490.0,0
2023-10-19,24555.0,24585.0,24480.0,24555.0,0
2023-10-20,24550.0,24575.0,24470.0,24550.0,0
2023-10-23,24520.0,24605.0,24500.0,24520.0,0
2023-10-24,24590.0,24590.0,24515.0,24590.0,0
2023-10-25,24550.0,24575.0,24548.0,24550.0,0
2023-10-26,24560.0,24610.0,24560.0,24560.0,0
2023-10-27,24604.0,24604.0,24550.0,24604.0,0
2023-10-30,24570.0,24570.0,24550.0,24570.0,0
2023-10-31,24558.0,24567.0,24540.0,24558.0,0
2023-11-01,24560.0,24586.0,24550.0,24560.0,0
2023-11-02,24585.0,24585.0,24550.0,24585.0,0
2023-11-03,24570.0,24570.0,24520.0,24570.0,0
2023-11-06,24520.0,24560.0,24300.0,24520.0,0
2023-11-07,24335.0,24345.0,24255.0,24335.0,0
2023-11-08,24310.0,24370.0,24280.0,24310.0,0
2023-11-09,24370.0,24385.0,24320.0,24370.0,0
2023-11-10,24340.0,24370.0,24290.0,24340.0,0
2023-11-13,24315.0,24391.0,24310.0,24315.0,0
2023-11-14,24381.0,24383.0,24350.0,24381.0,0
2023-11-15,24376.0,24376.0,24267.0,24376.0,0
2023-11-16,24286.0,24305.0,24280.0,24286.0,0
2023-11-17,24288.0,24290.0,24220.0,24288.0,0
2023-11-20,24250.0,24250.0,24160.0,24250.0,0
2023-11-21,24170.0,24170.0,24090.0,24170.0,0
2023-11-22,24130.0,24205.0,24130.0,24130.0,0
2023-11-23,24205.0,24240.0,24165.0,24205.0,0
2023-11-24,24240.0,24272.0,24130.0,24240.0,0
2023-11-27,24260.0,24260.0,24215.0,24260.0,0
2023-11-28,24230.0,24250.0,23240.0,24230.0,0
2023-11-29,24240.0,24260.0,24180.0,24240.0,0
2023-11-30,24260.0,24270.0,24195.0,24260.0,0
2023-12-01,24250.0,24305.0,24250.0,24250.0,0
2023-12-04,24270.0,24290.0,24220.0,24270.0,0
2023-12-05,24250.0,24277.0,24220.0,24250.0,0
2023-12-06,24266.0,24295.0,24240.0,24266.0,0
2023-12-07,24274.0,24280.0,24260.0,24274.0,0
2023-12-08,24275.0,24275.0,24220.0,24275.0,0
2023-12-11,24220.0,24270.0,24170.0,24220.0,0
2023-12-12,24250.0,24275.0,24250.0,24250.0,0
2023-12-13,24260.0,24279.0,24250.0,24260.0,0
2023-12-14,24279.0,24279.0,24180.0,24279.0,0
2023-12-15,24245.0,24260.0,24210.0,24245.0,0
2023-12-18,24260.0,24360.0,24220.0,24260.0,0
2023-12-19,24350.0,24373.0,24330.0,24350.0,0
2023-12-20,24350.0,24343.0,24300.0,24350.0,0
2023-12-21,24335.0,24340.0,24315.0,24335.0,0
2023-12-22,24320.0,24320.0,24220.0,24320.0,0
2023-12-25,24235.0,24260.0,24170.0,24235.0,0
2023-12-26,24230.0,24325.0,24225.0,24230.0,0
2023-12-27,24325.0,24380.0,24300.0,24325.0,0
2023-12-28,24345.0,24325.0,24235.0,24345.0,0
2023-12-29,24235.0,24265.0,24230.0,24235.0,0
2024-01-01,24260.0,24260.0,24260.0,24260.0,0
2024-01-02,24260.0,24330.0,24215.0,24260.0,0
2024-01-03,24325.0,24375.0,24325.0,24325.0,0
2024-01-04,24370.0,24390.0,24355.0,24370.0,0
2024-01-05,24360.0,24370.0,24334.0,24360.0,0
2024-01-08,24370.0,24370.0,24320.0,24370.0,0
2024-01-09,24330.0,24360.0,24330.0,24330.0,0
2024-01-10,24360.0,24405.0,24335.0,24360.0,0
2024-01-11,24405.0,24480.0,24405.0,24405.0,0
2024-01-12,24475.0,24520.0,24470.0,24475.0,0
2024-01-15,24490.0,24470.0,24470.0,24490.0,0
2024-01-16,24470.0,24535.0,24460.0,24470.0,0
2024-01-17,24500.0,24543.0,24500.0,24500.0,0
2024-01-18,24500.0,24560.0,24500.0,24500.0,0
2024-01-19,24545.0,24560.0,24520.0,24545.0,0
2024-01-22,24540.0,24550.0,24500.0,24540.0,0
2024-01-23,24550.0,24565.0,24500.0,24550.0,0
2024-01-24,24565.0,24610.0,24531.0,24565.0,0
2024-01-25,24600.0,24605.0,24575.0,24600.0,0
2024-01-26,24605.0,24615.0,24575.0,24605.0,0
2024-01-29,24595.0,24595.0,24525.0,24595.0,0
2024-01-30,24530.0,24530.0,24380.0,24530.0,0
2024-01-31,24395.0,24435.0,24375.0,24395.0,0
2024-02-01,24415.0,24415.0,24350.0,24415.0,0
2024-02-02,24400.0,24405.0,24310.0,24400.0,0
2024-02-05,24335.0,24405.0,24325.0,24335.0,0
2024-02-06,24370.0,24375.0,24335.0,24370.0,0
2024-02-07,24355.0,24450.0,24345.0,24355.0,0
2024-02-08,24400.0,24400.0,24380.0,24400.0,0
2024-02-09,24400.0,24400.0,24385.0,24400.0,0
2024-02-12,24400.0,24400.0,24380.0,24400.0,0
2024-02-13,24400.0,24400.0,24400.0,24400.0,0
2024-02-14,24400.0,24400.0,24380.0,24400.0,0
2024-02-15,24400.0,24450.0,24380.0,24400.0,0
2024-02-16,24450.0,24535.0,24415.0,24450.0,0
2024-02-19,24510.0,24530.0,24500.0,24510.0,0
2024-02-20,24530.0,24540.0,24500.0,24530.0,0
2024-02-21,24525.0,24530.0,24480.0,24525.0,0
2024-02-22,24525.0,24600.0,24525.0,24525.0,0
2024-02-23,24590.0,24640.0,24570.0,24590.0,0
2024-02-26,24630.0,24700.0,24630.0,24630.0,0
2024-02-27,24660.0,24663.0,24625.0,24660.0,0
2024-02-28,24625.0,24645.0,24600.0,24625.0,0
2024-02-29,24620.0,24650.0,24620.0,24620.0,0
2024-03-01,24640.0,24650.0,24620.0,24640.0,0
2024-03-04,24640.0,24690.0,24640.0,24640.0,0
2024-03-05,24676.0,24695.0,24648.0,24676.0,0
2024-03-06,24690.0,24713.0,24640.0,24690.0,0
2024-03-07,24665.0,24705.0,24640.0,24665.0,0
2024-03-08,24680.0,24690.0,24615.0,24680.0,0
2024-03-11,24640.0,24800.0,24590.0,24640.0,0
2024-03-12,24635.0,24645.0,24615.0,24635.0,0
2024-03-13,24645.0,24680.0,24625.0,24645.0,0
2024-03-14,24675.0,24700.0,24640.0,24675.0,0
2024-03-15,24690.0,24733.0,24690.0,24690.0,0
2024-03-18,24720.0,24730.0,24680.0,24720.0,0
2024-03-19,24715.0,24745.0,24705.0,24715.0,0
2024-03-20,24740.0,24775.0,24700.0,24740.0,0
2024-03-21,24775.0,24793.0,24760.0,24775.0,0
2024-03-22,24785.0,24813.0,24750.0,24785.0,0
2024-03-25,24768.0,24797.0,24740.0,24768.0,0
2024-03-26,24740.0,24785.0,24720.0,24740.0,0
2024-03-27,24770.0,24790.0,24750.0,24770.0,0
2024-03-28,24785.0,24812.0,24760.0,24785.0,0
2024-03-29,24790.0,24810.0,24780.0,24790.0,0
2024-04-01,24810.0,24812.0,24760.0,24810.0,0
2024-04-02,24795.0,24925.0,24775.0,24795.0,0
2024-04-03,24900.0,25000.0,24900.0,24900.0,0
2024-04-04,25000.0,25008.0,24900.0,25000.0,0
2024-04-05,24935.0,24980.0,24935.0,24935.0,0
2024-04-08,24950.0,24965.0,24920.0,24950.0,0
2024-04-09,24960.0,24963.0,24940.0,24960.0,0
2024-04-10,24945.0,24952.0,24935.0,24945.0,0
2024-04-11,24935.0,25005.0,24935.0,24935.0,0
2024-04-12,24980.0,25015.0,24955.0,24980.0,0
2024-04-15,25000.0,25180.0,24993.0,25000.0,0
2024-04-16,25180.0,25285.0,25180.0,25180.0,0
2024-04-17,25280.0,25420.0,25330.0,25280.0,0
2024-04-18,25400.0,25400.0,25260.0,25400.0,0
2024-04-19,25400.0,25453.0,25380.0,25400.0,0
2024-04-22,25440.0,25458.0,25430.0,25440.0,0
2024-04-23,25455.0,25458.0,25440.0,25455.0,0
2024-04-24,25440.0,25450.0,25395.0,25440.0,0
2024-04-25,25405.0,25440.0,25300.0,25405.0,0
2024-04-26,25350.0,25350.0,25310.0,25350.0,0
2024-04-29,25330.0,25330.0,25330.0,25330.0,0
2024-04-30,25330.0,25330.0,25310.0,25330.0,0
2024-05-01,25330.0,25330.0,25330.0,25330.0,0
2024-05-02,25330.0,25390.0,25330.0,25330.0,0
2024-05-03,25390.0,25416.0,25390.0,25390.0,0
2024-05-06,25400.0,25407.0,25350.0,25400.0,0
2024-05-07,25370.0,25405.0,23350.0,25370.0,0
2024-05-08,25400.0,25432.0,25390.0,25400.0,0
2024-05-09,25425.0,25440.0,25420.0,25425.0,0
2024-05-10,25440.0,25453.0,25430.0,25440.0,0
2024-05-13,25450.0,25453.0,25435.0,25450.0,0
2024-05-14,25453.0,25455.0,25425.0,25453.0,0
2024-05-15,25450.0,25453.0,25425.0,25450.0,0
2024-05-16,25445.0,25453.0,25420.0,25445.0,0
2024-05-17,25431.0,25453.0,25420.0,25431.0,0
2024-05-20,25448.0,25454.0,25422.0,25448.0,0
2024-05-21,25452.0,25461.0,25422.0,25452.0,0
2024-05-22,25461.0,25465.0,25440.0,25461.0,0
2024-05-23,25464.0,25469.0,25440.0,25464.0,0
2024-05-24,25469.0,25476.0,25460.0,25469.0,0
2024-05-27,25465.0,25471.0,25445.0,25465.0,0
2024-05-28,25445.0,25470.0,25440.0,25445.0,0
2024-05-29,25448.0,25455.0,25448.0,25448.0,0
2024-05-30,25450.0,25455.0,25430.0,25450.0,0
2024-05-31,25450.0,25456.0,25440.0,25450.0,0
2024-06-03,25440.0,25452.0,25400.0,25440.0,0
2024-06-04,25432.0,25432.0,25400.0,25432.0,0
2024-06-05,25410.0,25418.0,25400.0,25410.0,0
2024-06-06,25415.0,25430.0,25400.0,25415.0,0
2024-06-07,25420.0,25428.0,25400.0,25420.0,0
2024-06-10,25400.0,25435.0,25400.0,25400.0,0
2024-06-11,25415.0,25440.0,25405.0,25415.0,0
2024-06-12,25435.0,25447.0,24415.0,25435.0,0
2024-06-13,25435.0,25440.0,25415.0,25435.0,0
2024-06-14,25435.0,25450.0,25410.0,25435.0,0
2024-06-17,25450.0,25455.0,25410.0,25450.0,0
2024-06-18,25425.0,25453.0,25425.0,25425.0,0
2024-06-19,25445.0,25452.0,25445.0,25445.0,0
2024-06-20,25450.0,25453.0,25430.0,25450.0,0
2024-06-21,25450.0,25454.0,25445.0,25450.0,0
2024-06-24,25425.0,25455.0,25448.0,25425.0,0
2024-06-25,25455.0,25460.0,25420.0,25455.0,0
2024-06-26,25455.0,25468.0,25449.0,25455.0,0
2024-06-27,25465.0,25465.0,25455.0,25465.0,0
2024-06-28,25455.0,25460.0,25440.0,25455.0,0
2024-07-01,25445.0,25450.0,25440.0,25445.0,0
2024-07-02,25450.0,25454.0,25445.0,25450.0,0
2024-07-03,25450.0,25452.0,25443.0,25450.0,0
2024-07-04,25450.0,25453.0,25443.0,25450.0,0
2024-07-05,25450.0,25453.0,25400.0,25450.0,0
2024-07-08,25412.0,25452.0,25400.0,25412.0,0
2024-07-09,25415.0,25445.0,25410.0,25415.0,0
2024-07-10,25413.0,25445.0,25410.0,25413.0,0
2024-07-11,25415.0,25425.0,25413.0,25415.0,0
2024-07-12,25420.0,25445.0,25410.0,25420.0,0
2024-07-15,25410.0,25420.0,25360.0,25410.0,0
2024-07-16,25360.0,25425.0,25360.0,25360.0,0
2024-07-17,25375.0,25375.0,25310.0,25375.0,0
2024-07-18,25315.0,25370.0,25269.0,25315.0,0
2024-07-19,25310.0,25373.0,25310.0,25310.0,0
2024-07-22,25300.0,25340.0,25300.0,25300.0,0
2024-07-23,25325.0,25355.0,25325.0,25325.0,0
2024-07-24,25345.0,25411.0,25345.0,25345.0,0
2024-07-25,25350.0,25375.0,25285.0,25350.0,0
2024-07-26,25285.0,25332.0,25290.0,25285.0,0
2024-07-29,25300.0,25330.0,25270.0,25300.0,0
2024-07-30,25275.0,25290.0,25260.0,25275.0,0
2024-07-31,25275.0,25320.0,25220.0,25275.0,0
2024-08-01,25235.0,25235.0,25185.0,25235.0,0
2024-08-02,25215.0,25225.0,25190.0,25215.0,0
2024-08-05,25205.0,25205.0,25060.0,25205.0,0
2024-08-06,25080.0,25140.0,25050.0,25080.0,0
2024-08-07,25130.0,25173.0,25100.0,25130.0,0
2024-08-08,25155.0,25155.0,25110.0,25155.0,0
2024-08-09,25135.0,25150.0,25090.0,25135.0,0
2024-08-12,25090.0,25125.0,25065.0,25090.0,0
2024-08-13,25120.0,25125.0,25080.0,25120.0,0
2024-08-14,25115.0,25120.0,25020.0,25115.0,0
2024-08-15,25020.0,25045.0,25020.0,25020.0,0
2024-08-16,25035.0,25084.0,25035.0,25035.0,0
2024-08-19,25050.0,25064.0,24960.0,25050.0,0
2024-08-20,24960.0,24960.0,24905.0,24960.0,0
2024-08-21,24915.0,24935.0,24895.0,24915.0,0
2024-08-22,24930.0,24965.0,24900.0,24930.0,0
2024-08-23,24960.0,25010.0,24930.0,24960.0,0
2024-08-26,24965.0,24965.0,24840.0,24965.0,0
2024-08-27,24860.0,24860.0,24800.0,24860.0,0
2024-08-28,24820.0,24885.0,24813.0,24820.0,0
2024-08-29,24855.0,24895.0,24820.0,24855.0,0
2024-08-30,24870.0,24890.0,24860.0,24870.0,0
2024-09-02,24860.0,24860.0,24860.0,24860.0,0
2024-09-03,24860.0,24860.0,24860.0,24860.0,0
2024-09-04,24860.0,24885.0,24840.0,24860.0,0
2024-09-05,24852.0,24852.0,24720.0,24852.0,0
2024-09-06,24730.0,24730.0,24570.0,24730.0,0
2024-09-09,24600.0,24680.0,24600.0,24600.0,0
2024-09-10,24680.0,24690.0,24615.0,24680.0,0
2024-09-11,24660.0,24660.0,24530.0,24660.0,0
2024-09-12,24550.0,24585.0,24515.0,24550.0,0
2024-09-13,24575.0,24580.0,24515.0,24575.0,0
2024-09-16,24530.0,24613.0,24530.0,24530.0,0
2024-09-17,24530.0,24620.0,24530.0,24530.0,0
2024-09-18,24620.0,24680.0,24600.0,24620.0,0
2024-09-19,24600.0,24660.0,24560.0,24600.0,0
2024-09-20,24565.0,24600.0,24520.0,24565.0,0
2024-09-23,24590.0,24620.0,24529.0,24590.0,0
2024-09-24,24615.0,24640.0,24580.0,24615.0,0
2024-09-25,24590.0,24590.0,24530.0,24590.0,0
2024-09-26,24580.0,24625.0,24580.0,24580.0,0
2024-09-27,24615.0,24625.0,24580.0,24615.0,0
2024-09-30,24590.0,24590.0,24540.0,24590.0,0
2024-10-01,24555.0,24605.0,24555.0,24555.0,0
2024-10-02,24595.0,24660.0,24589.0,24595.0,0
2024-10-03,24652.0,24750.0,24652.0,24652.0,0
2024-10-04,24745.0,24760.0,24715.0,24745.0,0
2024-10-07,24755.0,24850.0,24755.0,24755.0,0
2024-10-08,24840.0,24850.0,24825.0,24840.0,0
2024-10-09,24835.0,24840.0,24800.0,24835.0,0
2024-10-10,24830.0,24855.0,24820.0,24830.0,0
2024-10-11,24830.0,24851.0,24800.0,24830.0,0
2024-10-14,24800.0,24845.0,24805.0,24800.0,0
2024-10-15,24840.0,24948.0,24830.0,24840.0,0
2024-10-16,24925.0,25000.0,24890.0,24925.0,0
2024-10-17,24970.0,25190.0,24970.0,24970.0,0
2024-10-18,25180.0,25260.0,25150.0,25180.0,0
2024-10-21,25150.0,25285.0,25150.0,25150.0,0
2024-10-22,25285.0,25390.0,25285.0,25285.0,0
2024-10-23,25390.0,25420.0,25370.0,25390.0,0
2024-10-24,25400.0,25440.0,25380.0,25400.0,0
2024-10-25,25385.0,25420.0,25355.0,25385.0,0
2024-10-28,25355.0,25430.0,25340.0,25355.0,0
2024-10-29,25345.0,25345.0,25270.0,25345.0,0
2024-10-30,25295.0,25400.0,25280.0,25295.0,0
2024-10-31,25280.0,25345.0,25260.0,25280.0,0
2024-11-01,25270.0,25330.0,25250.0,25270.0,0
2024-11-04,25280.0,25325.0,25250.0,25280.0,0
2024-11-05,25310.0,25360.0,25285.0,25310.0,0
2024-11-06,25330.0,25410.0,25330.0,25330.0,0
2024-11-07,25370.0,25410.0,25350.0,25370.0,0
2024-11-08,25350.0,25350.0,25260.0,25350.0,0
2024-11-11,25260.0,25315.0,25250.0,25260.0,0
2024-11-12,25310.0,25345.0,25301.0,25310.0,0
2024-11-13,25340.0,25352.0,25330.0,25340.0,0
2024-11-14,25330.0,25395.0,25330.0,25330.0,0
2024-11-15,25390.0,25390.0,25370.0,25390.0,0
2024-11-18,25380.0,25410.0,25339.0,25380.0,0
2024-11-19,25405.0,25410.0,25370.0,25405.0,0
2024-11-20,25395.0,25415.0,25390.0,25395.0,0
2024-11-21,25415.0,25430.0,25405.0,25415.0,0
2024-11-22,25415.0,25425.0,25410.0,25415.0,0
2024-11-25,25417.0,25415.0,25390.0,25417.0,0
2024-11-26,25410.0,25420.0,25400.0,25410.0,0
2024-11-27,25405.0,25410.0,25375.0,25405.0,0
2024-11-28,25375.0,25400.0,25320.0,25375.0,0
2024-11-29,25358.0,25358.0,25335.0,25358.0,0
2024-12-02,25344.0,25385.0,25355.0,25344.0,0
2024-12-03,25374.0,25401.0,25344.0,25374.0,0
2024-12-04,25395.0,25405.0,25360.0,25395.0,0
2024-12-05,25400.0,25400.0,25380.0,25400.0,0
2024-12-06,25393.0,25393.0,25360.0,25393.0,0
2024-12-09,25375.0,25390.0,25360.0,25375.0,0
2024-12-10,25370.0,25375.0,25360.0,25370.0,0
2024-12-11,25360.0,25380.0,25344.0,25360.0,0
2024-12-12,25380.0,25398.0,25360.0,25380.0,0
2024-12-13,25394.0,25405.0,25380.0,25394.0,0
2024-12-16,25400.0,25400.0,25380.0,25400.0,0
2024-12-17,25385.0,25430.0,25385.0,25385.0,0
2024-12-18,25430.0,25450.0,25395.0,25430.0,0
2024-12-19,25445.0,25463.0,25445.0,25445.0,0
2024-12-20,25450.0,25460.0,25445.0,25450.0,0
2024-12-23,25445.0,25460.0,25420.0,25445.0,0
2024-12-24,25440.0,25460.0,25425.0,25440.0,0
2024-12-25,25425.0,25450.0,25410.0,25425.0,0
2024-12-26,25420.0,25447.0,25410.0,25420.0,0
2024-12-27,25425.0,25448.0,25420.0,25425.0,0
2024-12-30,25445.0,25476.0,25445.0,25445.0,0
2024-12-31,25476.0,25500.0,25445.0,25476.0,0
2025-01-02,25480.0,25480.0,25445.0,25480.0,0
2025-01-03,25450.0,25455.0,25400.0,25450.0,0
2025-01-06,25400.0,25450.0,25365.0,25400.0,0
2025-01-07,25370.0,25388.0,25350.0,25370.0,0
2025-01-08,25360.0,25390.0,25360.0,25360.0,0
2025-01-09,25370.0,25383.0,25370.0,25370.0,0
2025-01-10,25375.0,25380.0,25360.0,25375.0,0
2025-01-13,25360.0,25410.0,25360.0,25360.0,0
2025-01-14,25390.0,25390.0,25370.0,25390.0,0
2025-01-15,25380.0,25388.0,25375.0,25380.0,0
2025-01-16,25375.0,25382.0,25365.0,25375.0,0
2025-01-17,25370.0,25370.0,25310.0,25370.0,0
2025-01-20,25300.0,25320.0,25270.0,25300.0,0
2025-01-21,25315.0,25315.0,25240.0,25315.0,0
2025-01-22,25260.0,25260.0,25050.0,25260.0,0
2025-01-23,25050.0,25135.0,24990.0,25050.0,0
2025-01-24,25080.0,25115.0,25020.0,25080.0,0
2025-01-27,25060.0,25060.0,25060.0,25060.0,0
2025-01-28,25060.0,25060.0,25060.0,25060.0,0
2025-01-29,25060.0,25060.0,25060.0,25060.0,0
2025-01-30,25060.0,25060.0,25060.0,25060.0,0
2025-01-31,25060.0,25060.0,25060.0,25060.0,0
2025-02-03,25060.0,25330.0,25020.0,25060.0,0
2025-02-04,25280.0,25265.0,25150.0,25280.0,0
2025-02-05,25280.0,25190.0,25100.0,25280.0,0
2025-02-06,25145.0,25265.0,25130.0,25145.0,0
2025-02-07,25260.0,25330.0,25260.0,25260.0,0
2025-02-10,25290.0,25390.0,25360.0,25290.0,0
2025-02-11,25380.0,25530.0,25380.0,25380.0,0
2025-02-12,25530.0,25604.0,25480.0,25530.0,0
2025-02-13,25550.0,25520.0,25385.0,25550.0,0
2025-02-14,25440.0,25415.0,25370.0,25440.0,0
2025-02-17,25370.0,25470.0,25380.0,25370.0,0
2025-02-18,25470.0,25570.0,25350.0,25470.0,0
2025-02-19,25500.0,25531.0,25490.0,25500.0,0
2025-02-20,25515.0,25540.0,25500.0,25515.0,0
2025-02-21,25500.0,25540.0,25460.0,25500.0,0
2025-02-24,25510.0,25510.0,25465.0,25510.0,0
2025-02-25,25468.0,25525.0,25460.0,25468.0,0
2025-02-26,25520.0,25550.0,25480.0,25520.0,0
2025-02-27,25535.0,25557.0,25486.0,25535.0,0
2025-02-28,25520.0,25566.0,25530.0,25520.0,0
2025-03-03,25530.0,25605.0,25540.0,25530.0,0
2025-03-04,25575.0,25583.0,25540.0,25575.0,0
2025-03-05,25540.0,25550.0,25480.0,25540.0,0
2025-03-06,25490.0,25490.0,25420.0,25490.0,0
2025-03-07,25485.0,25545.0,25430.0,25485.0,0
2025-03-10,25480.0,25525.0,25480.0,25480.0,0
2025-03-11,25525.0,25510.0,25440.0,25525.0,0
2025-03-12,25450.0,25480.0,25435.0,25450.0,0
2025-03-13,25445.0,25495.0,25445.0,25445.0,0
2025-03-14,25490.0,25525.0,25460.0,25490.0,0
2025-03-17,25500.0,25580.0,25470.0,25500.0,0
2025-03-18,25510.0,25545.0,25510.0,25510.0,0
2025-03-19,25510.0,25540.0,25525.0,25510.0,0
2025-03-20,25535.0,25558.0,25540.0,25535.0,0
2025-03-21,25545.0,25585.0,25540.0,25545.0,0
2025-03-24,25585.0,25650.0,25560.0,25585.0,0
2025-03-25,25620.0,25658.0,25600.0,25620.0,0
2025-03-26,25600.0,25630.0,25550.0,25600.0,0
2025-03-27,25555.0,25610.0,25550.0,25555.0,0
2025-03-28,25560.0,25580.0,25540.0,25560.0,0
2025-03-31,25550.0,25575.0,25530.0,25550.0,0
2025-04-01,25565.0,25640.0,25565.0,25565.0,0
2025-04-02,25620.0,25647.0,25600.0,25620.0,0
2025-04-03,25600.0,25813.0,25600.0,25600.0,0
2025-04-04,25600.0,25813.0,25580.0,25600.0,0
2025-04-07,25770.0,25780.0,25780.0,25770.0,0
2025-04-08,25780.0,26009.0,25780.0,25780.0,0
2025-04-09,25995.0,26110.0,25960.0,25995.0,0
2025-04-10,25960.0,25960.0,25740.0,25960.0,0
2025-04-11,25720.0,25740.0,25640.0,25720.0,0
2025-04-14,25715.0,25832.0,25701.0,25715.0,0
2025-04-15,25824.0,25914.0,25790.0,25824.0,0
2025-04-16,25790.0,25900.0,25777.0,25790.0,0
2025-04-17,25830.0,25889.0,25830.0,25830.0,0
2025-04-22,25871.0,25984.0,25871.0,25871.0,0
2025-04-23,25932.0,25999.0,25932.0,25932.0,0
2025-04-24,25965.0,26044.0,25965.0,25965.0,0
2025-04-25,26026.0,26051.0,26000.0,26026.0,0
2025-04-28,26019.0,26030.0,25950.0,26019.0,0
2025-04-29,25970.0,25990.0,25950.0,25970.0,0
2025-04-30,25980.0,25980.0,25970.0,25980.0,0
2025-05-01,25980.0,25980.0,25980.0,25980.0,0
2025-05-02,25980.0,25980.0,25980.0,25980.0,0
2025-05-05,25980.0,25987.0,25930.0,25980.0,0
2025-05-06,25942.0,25982.0,25937.0,25942.0,0
2025-05-07,25948.0,25967.0,25895.0,25948.0,0
2025-05-08,25953.0,25980.0,25942.0,25953.0,0
2025-05-09,25959.0,25989.0,25940.0,25959.0,0
2025-05-12,25952.0,25975.0,25926.0,25952.0,0
2025-05-13,25960.0,25980.0,25920.0,25960.0,0
2025-05-14,25951.0,25966.0,25900.0,25951.0,0
2025-05-15,25924.0,25950.0,25896.0,25924.0,0
2025-05-16,25920.0,25930.0,25890.0,25920.0,0
2025-05-19,25917.0,25951.0,25890.0,25917.0,0
2025-05-20,25932.0,25964.0,25932.0,25932.0,0
2025-05-21,25950.0,25970.0,25900.0,25950.0,0
2025-05-22,25950.0,25979.0,25945.0,25950.0,0
2025-05-23,25973.0,25959.0,25930.0,25973.0,0
2025-05-26,25946.0,25959.0,25880.0,25946.0,0
2025-05-27,25897.0,25955.0,25871.0,25897.0,0
2025-05-28,25903.0,25960.0,25903.0,25903.0,0
2025-05-29,25950.0,26044.0,25950.0,25950.0,0
2025-05-30,25996.0,26030.0,25930.0,25996.0,0
2025-06-02,26019.0,26033.0,25970.0,26019.0,0
2025-06-03,26022.0,26070.0,26019.0,26022.0,0
2025-06-04,26038.0,26085.0,26020.0,26038.0,0
2025-06-05,26071.0,26104.0,26050.0,26071.0,0
2025-06-06,26056.0,26090.0,26025.0,26056.0,0
2025-06-09,26047.0,26091.0,26015.0,26047.0,0
2025-06-10,26025.0,26041.0,25990.0,26025.0,0
2025-06-11,25990.0,26025.0,25990.0,25990.0,0
2025-06-12,26010.0,26030.0,26000.0,26010.0,0
2025-06-13,26020.0,26076.0,26020.0,26020.0,0
2025-06-16,26050.0,26095.0,26026.0,26050.0,0
2025-06-17,26030.0,26086.0,26030.0,26030.0,0
2025-06-18,26072.0,26100.0,26065.0,26072.0,0
2025-06-19,26092.0,26131.0,26080.0,26092.0,0
2025-06-20,26123.0,26140.0,26108.0,26123.0,0
2025-06-23,26119.0,26205.0,26119.0,26119.0,0
2025-06-24,26190.0,26190.0,26121.0,26190.0,0
2025-06-25,26150.0,26170.0,26120.0,26150.0,0
2025-06-26,26150.0,26150.0,26090.0,26150.0,0
2025-06-27,26100.0,26135.0,26065.0,26100.0,0
2025-06-30,26090.0,26125.0,26048.0,26090.0,0
2025-07-01,26118.0,26145.0,26060.0,26118.0,0
2025-07-02,26110.0,26168.0,26090.0,26110.0,0
2025-07-03,26150.0,26229.0,26150.0,26150.0,0
2025-07-04,26175.0,26230.0,26150.0,26175.0,0
2025-07-07,26158.0,26166.0,26084.0,26158.0,0
2025-07-08,26120.0,26145.0,26090.0,26120.0,0
2025-07-09,26110.0,26149.0,26100.0,26110.0,0
2025-07-10,26138.0,26138.0,26094.0,26138.0,0
2025-07-11,26100.0,26120.0,26047.0,26100.0,0
2025-07-14,26108.0,26125.0,26080.0,26108.0,0
2025-07-15,26100.0,26142.0,26095.0,26100.0,0
2025-07-16,26120.0,26165.0,26120.0,26120.0,0
2025-07-17,26140.0,26160.0,26120.0,26140.0,0
2025-07-18,26135.0,26166.0,26135.0,26135.0,0
2025-07-21,26140.0,26157.0,26130.0,26140.0,0
2025-07-22,26130.0,26150.0,26120.0,26130.0,0
2025-07-23,26120.0,26150.0,26115.0,26120.0,0
2025-07-24,26120.0,26145.0,26110.0,26120.0,0
2025-07-25,26110.0,26146.0,26100.0,26110.0,0
2025-07-28,26120.0,26207.0,26120.0,26120.0,0
2025-07-29,26165.0,26250.0,26160.0,26165.0,0
2025-07-30,26195.0,26240.0,26175.0,26195.0,0
2025-07-31,26200.0,26225.0,26160.0,26200.0,0
2025-08-01,26197.0,26218.0,26170.0,26197.0,0
2025-08-04,26190.0,26225.0,26140.0,26190.0,0
2025-08-05,26174.0,26243.0,26160.0,26174.0,0
2025-08-06,26225.0,26260.0,26200.0,26225.0,0
2025-08-07,26200.0,26224.0,26190.0,26200.0,0
2025-08-08,26190.0,26223.0,26160.0,26190.0,0
2025-08-11,26200.0,26231.0,26200.0,26200.0,0
2025-08-12,26231.0,26270.0,26190.0,26231.0,0
2025-08-13,26245.0,26285.0,26225.0,26245.0,0
2025-08-14,26265.0,26287.0,26230.0,26265.0,0
2025-08-15,26230.0,26280.0,26230.0,26230.0,0
2025-08-18,26240.0,26294.0,26249.0,26240.0,0
2025-08-19,26275.0,26312.0,26275.0,26275.0,0
2025-08-20,26290.0,26370.0,26290.0,26290.0,0
2025-08-21,26370.0,26449.0,26346.0,26370.0,0
2025-08-22,26405.0,26435.0,26297.0,26405.0,0
2025-08-25,26300.0,26317.0,26278.0,26300.0,0
2025-08-26,26300.0,26365.0,26293.0,26300.0,0
2025-08-27,26340.0,26390.0,26320.0,26340.0,0
2025-08-28,26374.0,26374.0,26320.0,26374.0,0
2025-08-29,26360.0,26360.0,26320.0,26360.0,0
2025-09-01,26340.0,26340.0,26340.0,26340.0,0
2025-09-02,26340.0,26340.0,26340.0,26340.0,0
2025-09-03,26340.0,26370.0,26293.0,26340.0,0
2025-09-04,26365.0,26390.0,26350.0,26365.0,0
2025-09-05,26360.0,26400.0,26360.0,26360.0,0
2025-09-08,26375.0,26418.0,26345.0,26375.0,0
2025-09-09,26385.0,26415.0,26360.0,26385.0,0
2025-09-10,26360.0,26394.0,26345.0,26360.0,0
2025-09-11,26370.0,26405.0,26365.0,26370.0,0
2025-09-12,26375.0,26405.0,26355.0,26375.0,0
2025-09-15,26355.0,26385.0,26350.0,26355.0,0
2025-09-16,26355.0,26388.0,26350.0,26355.0,0
2025-09-17,26381.0,26381.0,26340.0,26381.0,0
2025-09-18,26340.0,26383.0,26340.0,26340.0,0
2025-09-19,26355.0,26390.0,26355.0,26355.0,0
2025-09-22,26355.0,26410.0,26355.0,26355.0,0
2025-09-23,26395.0,26425.0,26390.0,26395.0,0
2025-09-24,26395.0,26420.0,26385.0,26395.0,0
2025-09-25,26395.0,26416.0,26380.0,26395.0,0
2025-09-26,26380.0,26405.0,26375.0,26380.0,0
2025-09-29,26385.0,26427.0,26385.0,26385.0,0
2025-09-30,26414.0,26427.0,26399.0,26414.0,0
2025-10-01,26425.0,26428.0,26348.0,26425.0,0
2025-10-02,26405.0,26413.0,26350.0,26405.0,0
2025-10-03,26393.0,26393.0,26369.0,26393.0,0
2025-10-06,26375.0,26402.0,26335.0,26375.0,0
2025-10-07,26340.0,26366.0,26335.0,26340.0,0
2025-10-08,26340.0,26362.0,26330.0,26340.0,0
2025-10-09,26335.0,26402.0,26325.0,26335.0,0
2025-10-10,26346.0,26350.0,26310.0,26346.0,0
2025-10-13,26310.0,26347.0,26310.0,26310.0,0
2025-10-14,26325.0,26360.0,26300.0,26325.0,0
2025-10-15,26343.0,26351.0,26315.0,26343.0,0
2025-10-16,26315.0,26347.0,26310.0,26315.0,0
2025-10-17,26310.0,26348.0,26310.0,26310.0,0
2025-10-20,26337.0,26355.0,26325.0,26337.0,0
2025-10-21,26330.0,26352.0,26325.0,26330.0,0
2025-10-22,26333.0,26352.0,26285.0,26333.0,0
2025-10-23,26345.0,26350.0,26300.0,26345.0,0
2025-10-24,26312.0,26340.0,26280.0,26312.0,0
2025-10-27,26280.0,26306.0,26265.0,26280.0,0
2025-10-28,26280.0,26328.0,26280.0,26280.0,0
2025-10-29,26308.0,26337.0,26325.0,26308.0,0
2025-10-30,26335.0,26339.0,26300.0,26335.0,0
2025-10-31,26315.0,26330.0,26280.0,26315.0,0
2025-11-03,26310.0,26313.0,26260.0,26310.0,0
2025-11-04,26309.0,26334.0,26295.0,26309.0,0
2025-11-05,26295.0,26340.0,26300.0,26295.0,0
2025-11-06,26300.0,26324.0,26285.0,26300.0,0
2025-11-07,26285.0,26320.0,26280.0,26285.0,0
2025-11-10,26280.0,26311.0,26270.0,26311.0,0
2025-11-11,26270.0,26315.0,26280.0,26314.0,0
2025-11-12,26280.0,26351.0,26300.0,26325.0,0
2025-11-13,26280.0,26351.0,26300.0,26325.0,0
2025-11-14,26320.0,26356.0,26325.0,26356.0,0
2025-11-17,26325.0,26357.0,26275.0,26344.0,0
2025-11-18,26335.0,26385.0,26315.0,26374.0,0
2025-11-19,26378.0,26387.0,26334.0,26382.0,0
2025-11-20,26376.0,26378.0,26355.0,26359.0,0
2025-11-21,26366.0,26383.0,26349.0,26380.0,0
2025-11-24,26349.0,26382.0,26265.0,26359.0,0
2025-11-25,26350.0,26381.0,26343.0,26350.0,0
2025-11-26,26343.0,26377.0,26343.0,26369.0,0
2025-11-27,26350.0,26378.0,26345.0,26374.0,0
2025-11-28,26372.0,26376.0,26325.0,26369.0,0
2025-12-01,26330.0,26376.0,26310.0,26345.0,0
2025-12-02,26340.0,26382.0,26340.0,26374.0,0
2025-12-03,26340.0,26381.0,26310.0,26340.0,0
2025-12-04,26345.0,26375.0,26340.0,26370.0,0
2025-12-05,26340.0,26376.0,26320.0,26372.0,0
2025-12-08,26320.0,26370.0,26320.0,26359.0,0
2025-12-09,26320.0,26363.0,26315.0,26315.0,0
2025-12-10,26340.0,26368.0,26349.0,26365.0,0
2025-12-11,26355.0,26355.0,26300.0,26345.0,0
2025-12-12,26300.0,26315.0,26260.0,26314.0,0
2025-12-15,26303.0,26320.0,26270.0,26296.0,0
2025-12-16,26290.0,26343.0,26300.0,26319.0,0
2025-12-17,26310.0,26357.0,26300.0,26357.0,0
2025-12-18,26300.0,26335.0,26285.0,26300.0,0
2025-12-19,26285.0,26318.0,26265.0,26290.0,0
2025-12-22,26265.0,26334.0,26275.0,26312.0,0
2025-12-23,26300.0,26340.0,26324.0,26335.0,0
2025-12-24,26326.0,26335.0,26270.0,26319.0,0
2025-12-26,26277.0,26291.0,26250.0,26289.0,0
2025-12-29,26255.0,26297.0,26240.0,26297.0,0
2025-12-30,26245.0,26282.0,26220.0,26250.0,0
2025-12-31,26225.0,26302.0,26245.0,26284.0,0
2026-01-02,26295.0,26295.0,26295.0,26295.0,0
2026-01-05,26295.0,26295.0,26260.0,26282.0,0
2026-01-06,26269.0,26289.0,26260.0,26275.0,0
2026-01-07,26274.0,26291.0,26270.0,26288.0,0
2026-01-08,26271.0,26281.0,26230.0,26271.0,0
2026-01-09,26230.0,26280.0,26225.0,26265.0,0
2026-01-12,26225.0,26270.0,26225.0,26264.0,0
2026-01-13,26270.0,26284.0,26230.0,26267.0,0
2026-01-14,26250.0,26295.0,26235.0,26295.0,0
2026-01-15,26230.0,26280.0,26230.0,26269.0,0
2026-01-16,26230.0,26274.0,26230.0,26274.0,0
2026-01-19,26235.0,26275.0,26220.0,26272.0,0
2026-01-20,26225.0,26265.0,26225.0,26259.0,0
2026-01-21,26264.0,26270.0,26225.0,26264.0,0
2026-01-22,26225.0,26276.0,26225.0,26230.0,0
2026-01-23,26267.0,26257.0,26200.0,26254.0,0
2026-01-26,26205.0,26212.0,26154.0,26204.0,0
2026-01-27,26181.0,26159.0,26120.0,26159.0,0
2026-01-28,26130.0,26105.0,26020.0,26097.0,0
2026-01-29,26020.0,26074.0,25950.0,26065.0,0
2026-01-30,25950.0,25949.0,25865.0,25939.0,0
2026-02-02,25880.0,26040.0,25875.0,25934.0,0
2026-02-03,25970.0,26029.0,25980.0,25990.0,0
2026-02-04,26000.0,26005.0,25935.0,26000.0,0
2026-02-05,25978.0,25980.0,25930.0,25975.0,0
2026-02-06,25940.0,25973.0,25900.0,25955.0,0
2026-02-09,25900.0,25950.0,25860.0,25939.0,0
2026-02-10,25860.0,25915.0,25820.0,25850.0,0
2026-02-11,25840.0,25998.0,25880.0,25914.0,0
2026-02-12,25950.0,25985.0,25910.0,25981.0,0
2026-02-13,25910.0,25979.0,25900.0,25964.0,0
2026-02-16,25920.0,25920.0,25920.0,25920.0,0
2026-02-17,25920.0,25920.0,25920.0,25920.0,0
2026-02-18,25920.0,25920.0,25920.0,25920.0,0
2026-02-19,25920.0,25920.0,25920.0,25920.0,0
2026-02-20,25920.0,25920.0,25920.0,25920.0,0
2026-02-23,25920.0,26080.0,25925.0,25925.0,0
2026-02-24,26080.0,26199.0,26110.0,26149.0,0
2026-02-25,26180.0,26189.0,26070.0,26189.0,0
2026-02-26,26099.0,26114.0,26010.0,26099.0,0
2026-02-27,26030.0,26061.0,25970.0,26030.0,0
2026-03-02,26040.0,26204.0,26050.0,26050.0,0
2026-03-03,26160.0,26204.0,26115.0,26160.0,0
2026-03-04,26150.0,26235.0,26150.0,26235.0,0
2026-03-05,26165.0,26228.0,26150.0,26189.0,0
2026-03-06,26210.0,26249.0,26175.0,26175.0,0
2026-03-09,26180.0,26292.0,26210.0,26285.0,0
2026-03-10,26245.0,26259.0,26160.0,26245.0,0
2026-03-11,26175.0,26251.0,26175.0,26175.0,0
2026-03-12,26190.0,26279.0,26205.0,26210.0,0
2026-03-13,26240.0,26299.0,26240.0,26240.0,0
2026-03-16,26271.0,26295.0,26200.0,26295.0,0
2026-03-17,26260.0,26298.0,26230.0,26240.0,0
2026-03-18,26280.0,26314.0,26270.0,26299.0,0
